{"stats":{"minecraft:killed_by":{"alexsmobs:murmur_head":1,"minecraft:warden":1},"minecraft:killed":{"born_in_chaos_v1:zombie_clown":2,"vampirism:vampire":10,"minecraft:cave_spider":1,"vampirism:advanced_vampire":5,"born_in_chaos_v1:restless_spirit":4,"minecraft:spider":20,"dungeonsweaponry:enchanter":3,"minecraft:zombie_horse":2,"born_in_chaos_v1:scarlet_persecutor":3,"minecraft:skeleton":20,"vampirism:blinding_bat":9,"minecraft:chicken":1,"born_in_chaos_v1:skeleton_thrasher":1,"minecraft:silverfish":3,"born_in_chaos_v1:supreme_bonescaller_stage_2":1,"minecraft:pig":2,"minecraft:zombie_villager":1,"born_in_chaos_v1:diamond_termite":1,"born_in_chaos_v1:wither_scuttler":2,"untamedwilds:boar":1,"irons_spellbooks:necromancer":1,"dungeonsweaponry:nameless_one":1,"minecraft:creeper":4,"born_in_chaos_v1:shy_spirit":1,"vampirism:hunter":1,"minecraft:sheep":6,"minecraft:pillager":3,"born_in_chaos_v1:zombie_fisherman":1,"minecraft:zombie":28,"born_in_chaos_v1:dread_hound":3,"born_in_chaos_v1:corpse_fly":4,"untamedwilds:bison":4,"minecraft:cow":6,"minecraft:evoker":1,"dungeonsweaponry:vanguard":9,"minecraft:slime":12,"born_in_chaos_v1:zombie_bruiser":6,"born_in_chaos_v1:maggot":4,"minecraft:drowned":1,"born_in_chaos_v1:corpse_fish":2,"minecraft:warden":2,"born_in_chaos_v1:bone_imp_minion":4,"born_in_chaos_v1:baby_skeleton":5,"born_in_chaos_v1:decrepit_skeleton":4,"evilcraft:poisonous_libelle":1,"ars_nouveau:whirlisprig":1,"born_in_chaos_v1:nightmare_stalker":1,"minecraft:enderman":1},"minecraft:custom":{"minecraft:interact_with_crafting_table":94,"minecraft:open_barrel":18,"minecraft:bell_ring":2,"minecraft:eat_cake_slice":11,"minecraft:leave_game":6,"minecraft:time_since_death":240780,"minecraft:sprint_one_cm":1072591,"minecraft:drop":210,"minecraft:talked_to_villager":1,"minecraft:play_time":694705,"minecraft:deaths":5,"minecraft:jump":7654,"minecraft:interact_with_brewingstand":1,"minecraft:walk_on_water_one_cm":130562,"minecraft:interact_with_furnace":81,"vampirism:interact_with_research_table":1,"minecraft:sleep_in_bed":22,"minecraft:waystone_activated":1,"minecraft:damage_dealt":57374,"minecraft:player_kills":3,"minecraft:crouch_one_cm":130203,"minecraft:use_cauldron":1,"minecraft:horse_one_cm":10911,"minecraft:mob_kills":212,"minecraft:interact_with_campfire":7,"minecraft:damage_dealt_resisted":5058,"minecraft:climb_one_cm":30439,"minecraft:walk_one_cm":1259577,"minecraft:damage_dealt_absorbed":227,"minecraft:sneak_time":47108,"minecraft:walk_under_water_one_cm":75659,"minecraft:total_world_time":694705,"vampirism:interact_with_garlic_diffuser":1,"minecraft:time_since_rest":169162,"minecraft:damage_taken":9373,"minecraft:damage_absorbed":120,"minecraft:swim_one_cm":166582,"minecraft:fly_one_cm":1340832,"minecraft:open_chest":282,"minecraft:fall_one_cm":166082},"minecraft:picked_up":{"irons_spellbooks:scroll":1,"minecraft:wheat":111,"vampirism:oblivion_potion":1,"minecraft:smithing_table":1,"minecraft:enchanted_book":2,"minecraft:stone_brick_stairs":16,"minecraft:string":44,"minecraft:raw_copper":41,"minecraft:armor_stand":1,"biomesoplenty:tall_lavender":1,"minecraft:experience_bottle":1,"irons_spellbooks:arcane_essence":1,"minecraft:cobbled_deepslate":695,"minecraft:azalea":2,"irons_spellbooks:blank_rune":1,"biomesoplenty:redwood_wood":920,"delightful:green_tea_leaf":24,"minecraft:furnace":5,"minecraft:tipped_arrow":122,"minecraft:white_glazed_terracotta":3,"minecraft:stick":108,"untamedwilds:flora_common_reed":2,"minecraft:torch":22,"deeperdarker:heart_of_the_deep":1,"minecraft:porkchop":5,"vampirism:holy_water_bottle_enhanced":6,"minecraft:diorite":1,"vampirism:vampire_fang":4,"born_in_chaos_v1:nightmare_claw":1,"minecraft:goat_horn":1,"vampirism:hunter_table":1,"minecraft:rotten_flesh":43,"farmersdelight:onion":1,"farmersdelight:rope":23,"evilcraft:condensed_blood":16,"minecraft:nautilus_shell":1,"vampirism:heart_seeker_enhanced":1,"minecraft:cobblestone":2226,"biomesoplenty:lavender":2,"minecraft:birch_log":55,"vampirism:weapon_table":1,"minecraft:magma_block":2,"vampirism:vampire_book":1,"minecraft:leather_chestplate":1,"farmersdelight:onion_crate":2,"farmersdelight:rice":2,"minecraft:andesite":1,"paraglider:spirit_orb":6,"biomesoplenty:redwood_door":4,"minecraft:flint":4,"minecraft:tuff":68,"evilcraft:flesh_humanoid":3,"deep_dark_regrowth:mossy_fluorite":32,"minecraft:lapis_lazuli":53,"minecraft:dirt":256,"minecraft:stripped_birch_log":1,"minecraft:lantern":8,"ars_elemental:anima_caster_tome":1,"born_in_chaos_v1:monster_skin":2,"minecraft:bone":35,"evilcraft:bloody_cobblestone":1,"ars_nouveau:source_gem":4,"minecraft:wheat_seeds":564,"minecraft:raw_gold":41,"minecraft:grindstone":1,"vampirism:item_garlic":2,"fishofthieves:earthworms":23,"minecraft:moss_block":6,"endrem:lost_eye":2,"minecraft:sand":34,"dungeonsweaponry:trickbow":1,"minecraft:dark_prismarine":1,"minecraft:polished_andesite":3,"minecraft:diamond":11,"minecraft:soul_lantern":1,"waystones:waystone":3,"minecraft:crossbow":1,"minecraft:bone_meal":1,"minecraft:golden_apple":3,"minecraft:bread":15,"minecraft:emerald":73,"minecraft:blue_banner":4,"born_in_chaos_v1:rotten_fish":4,"minecraft:netherrack":7,"biomesoplenty:redwood_log":63,"minecraft:mud":2,"born_in_chaos_v1:diamond_termite_shard":1,"minecraft:crafting_table":3,"minecraft:sandstone_slab":2,"born_in_chaos_v1:smoked_monster_flesh":7,"minecraft:chicken":1,"born_in_chaos_v1:seedof_chaos":1,"minecraft:gold_block":1,"minecraft:wooden_sword":3,"born_in_chaos_v1:intoxicating_decoction":2,"deeperdarker:warden_carapace":7,"minecraft:dark_prismarine_stairs":2,"minecraft:beef":26,"minecraft:iron_nugget":15,"minecraft:sugar_cane":13,"minecraft:chest":1,"minecraft:birch_sapling":19,"minecraft:egg":1,"deep_dark_regrowth:soul_of_the_depths":3,"minecraft:raw_iron":89,"minecraft:glow_item_frame":1,"untamedwilds:flora_bush_temperate":3,"minecraft:fire_charge":1,"born_in_chaos_v1:pieceofdarkmetal":6,"minecraft:redstone":64,"dungeonsweaponry:claymore":1,"minecraft:smooth_sandstone_slab":2,"biomesoplenty:redwood_planks":35,"corn_delight:corn_seeds":5,"minecraft:arrow":4,"biomesoplenty:redwood_sapling":152,"minecraft:glow_berries":6,"minecraft:mutton":10,"minecraft:white_wool":4,"born_in_chaos_v1:corpse_maggot":7,"minecraft:clock":1,"vampirism:vampire_blood_bottle":4,"born_in_chaos_v1:monster_flesh":9,"minecraft:salmon":4,"minecraft:leather":37,"doggytalents:rice_grains":3,"minecraft:birch_planks":64,"fishofthieves:grubs":2,"minecraft:oak_log":1,"minecraft:lily_pad":2,"minecraft:gunpowder":2,"irons_spellbooks:common_ink":2,"minecraft:smooth_sandstone":12,"minecraft:stone_bricks":297,"untamedwilds:material_fat":14,"minecraft:iron_ingot":11,"minecraft:cobweb":2,"minecraft:mossy_stone_brick_wall":1,"minecraft:flowering_azalea":1,"minecraft:iron_sword":1,"minecraft:book":27,"minecraft:sculk_catalyst":3,"minecraft:sweet_berries":17,"minecraft:chiseled_stone_bricks":1,"minecraft:stone_brick_slab":4,"born_in_chaos_v1:orbofthe_summoner":1,"born_in_chaos_v1:ethereal_spirit":4,"minecraft:gravel":102,"minecraft:birch_stairs":12,"minecraft:blast_furnace":1,"minecraft:white_bed":19,"ars_nouveau:music_disc_thistle_the_sound_of_glass":1,"minecraft:spider_eye":5,"ars_nouveau:wilden_spike":2,"minecraft:slime_ball":7,"evilcraft:dark_gem":41,"minecraft:gray_wool":1,"dungeonsweaponry:glaive":3,"minecraft:black_wool":1,"minecraft:coal":91},"minecraft:broken":{"minecraft:stone_pickaxe":15,"minecraft:stone_axe":2,"minecraft:stone_shovel":1,"doggytalents:sussy_sickle":2,"minecraft:leather_chestplate":1,"minecraft:iron_axe":3,"minecraft:iron_pickaxe":6,"minecraft:iron_helmet":1},"minecraft:crafted":{"minecraft:stone":24,"securitycraft:keypad_item":3,"minecraft:heavy_weighted_pressure_plate":3,"minecraft:cooked_mutton":2,"minecraft:glass":8,"minecraft:iron_boots":2,"doggytalents:sussy_sickle":3,"minecraft:chest":11,"minecraft:glass_bottle":3,"minecraft:cooked_porkchop":2,"minecraft:crafting_table":11,"minecraft:iron_helmet":1,"minecraft:wooden_pickaxe":1,"minecraft:copper_ingot":41,"minecraft:birch_planks":51,"minecraft:campfire":1,"biomesoplenty:redwood_boat":1,"minecraft:iron_chestplate":1,"toughasnails:water_purifier":1,"minecraft:charcoal":9,"minecraft:stick":68,"minecraft:iron_ingot":62,"minecraft:iron_pickaxe":9,"minecraft:saddle":1,"minecraft:stone_shovel":1,"minecraft:furnace":4,"minecraft:stone_button":24,"minecraft:bone_meal":1,"minecraft:iron_axe":2,"minecraft:stone_pickaxe":17,"minecraft:cooked_beef":26,"farmersdelight:cooked_mutton_chops":5,"biomesoplenty:redwood_door":3,"minecraft:enchanting_table":1,"biomesoplenty:redwood_planks":134,"minecraft:bucket":1,"minecraft:stone_axe":4,"minecraft:bread":27,"minecraft:air":740,"minecraft:iron_leggings":1,"minecraft:white_bed":1,"minecraft:torch":50},"minecraft:mined":{"minecraft:dark_prismarine_stairs":2,"minecraft:spruce_planks":3,"minecraft:white_bed":19,"corn_delight:wild_corn":5,"minecraft:sculk_vein":1,"minecraft:spruce_trapdoor":3,"minecraft:granite":4,"minecraft:grass_block":27,"biomesoplenty:flowering_oak_leaves":1,"minecraft:white_concrete":3,"vampirism:weapon_table":1,"vampirism:hunter_table":1,"minecraft:chiseled_stone_bricks":2,"minecraft:spawner":3,"minecraft:magma_block":3,"biomesoplenty:tall_lavender":1,"minecraft:iron_ore":42,"minecraft:fire":5,"biomesoplenty:lavender":1,"minecraft:deepslate_lapis_ore":9,"minecraft:sculk_shrieker":1,"biomesoplenty:redwood_log":78,"minecraft:flowering_azalea_leaves":1,"minecraft:azalea":1,"minecraft:waxed_cut_copper_stairs":1,"minecraft:waxed_cut_copper":2,"minecraft:deepslate_redstone_ore":17,"minecraft:sandstone_slab":1,"minecraft:blue_wall_banner":4,"minecraft:soul_lantern":1,"untamedwilds:flora_common_reed":1,"minecraft:torch":2,"minecraft:blast_furnace":1,"minecraft:chest":1,"minecraft:cobblestone":176,"minecraft:grindstone":1,"minecraft:sugar_cane":4,"minecraft:oak_planks":3,"minecraft:smooth_sandstone_slab":1,"minecraft:wall_torch":11,"minecraft:mossy_stone_brick_wall":1,"minecraft:mud":2,"realmrpg_skeletons:webbed_skeleton":1,"evilcraft:dark_ore_deepslate":8,"minecraft:birch_log":57,"minecraft:wheat":111,"minecraft:birch_door":1,"minecraft:stone_brick_stairs":16,"minecraft:grass":27,"minecraft:oak_log":2,"minecraft:dirt":239,"minecraft:sand":28,"dungeonsweaponry:emerald_pot":4,"minecraft:red_mushroom_block":1,"minecraft:netherrack":32,"realmrpg_skeletons:unsaved_skeleton":1,"minecraft:oak_leaves":5,"minecraft:deepslate":514,"minecraft:infested_deepslate":2,"minecraft:dark_prismarine":1,"minecraft:tuff":64,"minecraft:deepslate_diamond_ore":14,"born_in_chaos_v1:infected_diamond_ore":1,"minecraft:glow_lichen":1,"biomesoplenty:bush":1,"minecraft:spruce_fence":2,"minecraft:spruce_leaves":1,"minecraft:moss_block":2,"minecraft:large_fern":2,"minecraft:furnace":5,"minecraft:andesite":18,"minecraft:gold_block":1,"minecraft:white_glazed_terracotta":3,"minecraft:bookshelf":9,"minecraft:vine":1,"biomesoplenty:high_grass":9,"minecraft:deepslate_iron_ore":22,"minecraft:rail":1,"minecraft:lantern":8,"minecraft:stone":2407,"minecraft:smithing_table":1,"minecraft:light_gray_carpet":2,"minecraft:flowering_azalea":1,"biomesoplenty:redwood_planks":23,"minecraft:glass_pane":1,"minecraft:stone_brick_slab":5,"minecraft:smooth_sandstone":11,"minecraft:crafting_table":3,"untamedwilds:flora_bush_temperate":4,"minecraft:emerald_ore":1,"realmrpg_skeletons:basic_skeleton":1,"biomesoplenty:high_grass_plant":14,"minecraft:copper_ore":16,"minecraft:tall_grass":2,"biomesoplenty:sprout":3,"minecraft:deepslate_gold_ore":40,"minecraft:lily_pad":2,"minecraft:sculk":76,"minecraft:diorite":1,"minecraft:birch_planks":20,"untamedwilds:block_burrow":6,"deep_dark_regrowth:sculk_moss":2,"minecraft:sweet_berry_bush":7,"minecraft:spruce_log":4,"minecraft:birch_leaves":1,"minecraft:coal_ore":81,"evilcraft:blood_stain":1,"biomesoplenty:redwood_leaves":8,"minecraft:gravel":96,"minecraft:cobweb":10,"minecraft:cracked_stone_bricks":1,"evilcraft:bloody_cobblestone":2,"minecraft:polished_andesite":3,"minecraft:stone_bricks":317,"biomesoplenty:redwood_wood":957,"minecraft:fern":4},"minecraft:used":{"minecraft:chest":12,"minecraft:iron_sword":56,"minecraft:iron_chestplate":1,"securitycraft:keypad_item":3,"minecraft:carrot":12,"minecraft:tuff":11,"born_in_chaos_v1:corpse_maggot":2,"doggytalents:sussy_sickle":559,"minecraft:lantern":2,"minecraft:iron_helmet":1,"minecraft:stone_brick_stairs":3,"minecraft:furnace":6,"minecraft:egg":1,"minecraft:stone_pickaxe":2213,"minecraft:wooden_pickaxe":14,"minecraft:sugar_cane":8,"minecraft:golden_apple":3,"minecraft:glow_berries":2,"minecraft:sand":9,"minecraft:mushroom_stew":2,"minecraft:crossbow":19,"minecraft:bread":45,"farmersdelight:ham":1,"minecraft:deepslate":21,"born_in_chaos_v1:smoked_monster_flesh":6,"minecraft:soul_lantern":1,"minecraft:air":8,"minecraft:experience_bottle":5,"biomesoplenty:redwood_door":3,"toughasnails:water_purifier":1,"minecraft:stone_shovel":131,"biomesoplenty:redwood_planks":323,"minecraft:cooked_chicken":1,"minecraft:netherrack":1,"minecraft:torch":68,"fishofthieves:earthworms":2,"minecraft:dirt":32,"minecraft:iron_axe":147,"biomesoplenty:redwood_boat":1,"dungeonsweaponry:dagger":384,"evilcraft:flesh_humanoid":1,"minecraft:beef":1,"minecraft:goat_horn":1,"farmersdelight:cooked_mutton_chops":5,"minecraft:cooked_beef":19,"minecraft:cobbled_deepslate":11,"minecraft:mossy_stone_brick_wall":1,"minecraft:beetroot_soup":1,"minecraft:iron_leggings":1,"minecraft:cooked_mutton":2,"minecraft:water_bucket":186,"minecraft:birch_planks":169,"minecraft:glass_bottle":208,"farmersdelight:onion":3,"minecraft:crafting_table":13,"minecraft:campfire":1,"minecraft:white_bed":19,"minecraft:cake":2,"minecraft:mud":1,"minecraft:apple":5,"minecraft:iron_pickaxe":1729,"minecraft:suspicious_stew":3,"minecraft:map":1,"minecraft:stone_axe":70,"minecraft:chiseled_stone_bricks":1,"minecraft:cobblestone":359,"minecraft:potion":184,"toughasnails:purified_water_bottle":20,"minecraft:cooked_porkchop":2,"minecraft:bucket":187,"minecraft:splash_potion":3},"minecraft:dropped":{"minecraft:moss_block":6,"minecraft:birch_planks":39,"minecraft:crafting_table":1,"minecraft:sandstone_slab":1,"vampirism:heart_seeker_enhanced":1,"minecraft:glow_berries":6,"minecraft:glow_item_frame":1,"minecraft:leather":25,"farmersdelight:rice":2,"minecraft:flint":1,"minecraft:emerald":6,"born_in_chaos_v1:monster_flesh":2,"minecraft:dirt":6,"minecraft:dark_oak_log":3,"farmersdelight:onion":2,"minecraft:wooden_sword":3,"minecraft:bone_meal":4,"minecraft:sand":9,"minecraft:birch_log":7,"fishofthieves:grubs":2,"minecraft:birch_stairs":12,"minecraft:gold_ingot":4,"minecraft:bone":12,"minecraft:gravel":39,"irons_spellbooks:blank_rune":1,"minecraft:iron_nugget":15,"ars_nouveau:wilden_spike":2,"alexsmobs:animal_dictionary":1,"minecraft:cobbled_deepslate":671,"biomesoplenty:redwood_sapling":10,"minecraft:wheat":3,"minecraft:birch_sapling":1,"vampirism:holy_water_bottle_enhanced":1,"minecraft:rotten_flesh":17,"vampirism:oblivion_potion":1,"minecraft:white_bed":1,"evilcraft:flesh_humanoid":2,"minecraft:salmon":4,"minecraft:gunpowder":2,"born_in_chaos_v1:corpse_maggot":3,"minecraft:azalea":2,"farmersdelight:rope":12,"minecraft:arrow":2,"minecraft:netherrack":6,"biomesoplenty:redwood_door":4,"minecraft:stone_brick_stairs":2,"minecraft:white_glazed_terracotta":1,"minecraft:splash_potion":1,"vampirism:item_garlic":3,"minecraft:bread":42,"minecraft:iron_ingot":5,"minecraft:wheat_seeds":398,"vampirism:vampire_book":1,"evilcraft:condensed_blood":6,"minecraft:feather":2,"minecraft:cobblestone":70,"minecraft:coal":6,"minecraft:stick":15,"minecraft:cobweb":2,"minecraft:gray_wool":1,"minecraft:diorite":1,"minecraft:torch":39,"minecraft:iron_leggings":1,"minecraft:smooth_sandstone_slab":2,"minecraft:string":30,"minecraft:smooth_sandstone":12,"vampirism:garlic_bread":9,"minecraft:stone_brick_slab":1,"minecraft:furnace":3,"minecraft:bowl":6,"minecraft:deepslate":1,"minecraft:tuff":57,"born_in_chaos_v1:rotten_fish":1,"minecraft:chicken":1,"biomesoplenty:redwood_planks":72,"minecraft:iron_boots":1,"minecraft:filled_map":1,"fishofthieves:earthworms":4,"minecraft:andesite":1,"minecraft:stone_bricks":13,"minecraft:spider_eye":5,"minecraft:stone_pickaxe":1,"minecraft:wooden_pickaxe":1,"minecraft:magma_block":2,"minecraft:black_wool":1}},"DataVersion":3465}