{"stats":{"minecraft:custom":{"minecraft:interact_with_crafting_table":62,"minecraft:open_barrel":18,"minecraft:bell_ring":2,"minecraft:eat_cake_slice":11,"minecraft:leave_game":3,"minecraft:time_since_death":38186,"minecraft:sprint_one_cm":785488,"minecraft:drop":161,"minecraft:talked_to_villager":1,"minecraft:play_time":492111,"minecraft:deaths":5,"minecraft:jump":5345,"minecraft:walk_on_water_one_cm":59157,"minecraft:interact_with_furnace":70,"vampirism:interact_with_research_table":1,"minecraft:sleep_in_bed":21,"minecraft:waystone_activated":1,"minecraft:damage_dealt":51420,"minecraft:player_kills":3,"minecraft:crouch_one_cm":70530,"minecraft:use_cauldron":1,"minecraft:mob_kills":176,"minecraft:interact_with_campfire":7,"minecraft:damage_dealt_resisted":5058,"minecraft:climb_one_cm":29920,"minecraft:walk_one_cm":1057355,"minecraft:damage_dealt_absorbed":227,"minecraft:sneak_time":26131,"minecraft:walk_under_water_one_cm":42871,"minecraft:total_world_time":492111,"vampirism:interact_with_garlic_diffuser":1,"minecraft:time_since_rest":27090,"minecraft:damage_taken":6911,"minecraft:damage_absorbed":120,"minecraft:swim_one_cm":108137,"minecraft:fly_one_cm":638300,"minecraft:open_chest":175,"minecraft:fall_one_cm":98451},"minecraft:broken":{"minecraft:stone_pickaxe":6,"minecraft:stone_axe":1,"doggytalents:sussy_sickle":2,"minecraft:leather_chestplate":1,"minecraft:iron_pickaxe":3,"minecraft:iron_helmet":1},"minecraft:killed":{"born_in_chaos_v1:zombie_clown":2,"vampirism:vampire":10,"minecraft:cave_spider":1,"vampirism:advanced_vampire":5,"born_in_chaos_v1:restless_spirit":4,"minecraft:spider":20,"dungeonsweaponry:enchanter":3,"born_in_chaos_v1:scarlet_persecutor":3,"minecraft:skeleton":17,"vampirism:blinding_bat":9,"minecraft:chicken":1,"born_in_chaos_v1:skeleton_thrasher":1,"minecraft:silverfish":3,"born_in_chaos_v1:supreme_bonescaller_stage_2":1,"minecraft:pig":2,"born_in_chaos_v1:diamond_termite":1,"minecraft:zombie_villager":1,"born_in_chaos_v1:wither_scuttler":2,"untamedwilds:boar":1,"dungeonsweaponry:nameless_one":1,"irons_spellbooks:necromancer":1,"minecraft:creeper":1,"born_in_chaos_v1:shy_spirit":1,"vampirism:hunter":1,"minecraft:sheep":6,"born_in_chaos_v1:zombie_fisherman":1,"minecraft:pillager":3,"minecraft:zombie":26,"born_in_chaos_v1:dread_hound":1,"born_in_chaos_v1:corpse_fly":4,"untamedwilds:bison":1,"minecraft:cow":4,"minecraft:evoker":1,"dungeonsweaponry:vanguard":9,"born_in_chaos_v1:zombie_bruiser":5,"born_in_chaos_v1:maggot":4,"born_in_chaos_v1:corpse_fish":1,"minecraft:warden":2,"born_in_chaos_v1:bone_imp_minion":4,"born_in_chaos_v1:baby_skeleton":4,"born_in_chaos_v1:decrepit_skeleton":3,"ars_nouveau:whirlisprig":1,"minecraft:enderman":1},"minecraft:used":{"minecraft:chest":9,"minecraft:iron_sword":56,"securitycraft:keypad_item":3,"minecraft:carrot":12,"minecraft:tuff":11,"born_in_chaos_v1:corpse_maggot":2,"doggytalents:sussy_sickle":479,"minecraft:lantern":2,"minecraft:iron_helmet":1,"minecraft:furnace":5,"minecraft:egg":1,"minecraft:stone_pickaxe":1030,"minecraft:wooden_pickaxe":14,"minecraft:golden_apple":3,"minecraft:mushroom_stew":2,"minecraft:crossbow":19,"minecraft:bread":43,"born_in_chaos_v1:smoked_monster_flesh":6,"minecraft:soul_lantern":1,"minecraft:air":3,"minecraft:experience_bottle":5,"biomesoplenty:redwood_door":2,"toughasnails:water_purifier":1,"biomesoplenty:redwood_planks":323,"minecraft:cooked_chicken":1,"minecraft:netherrack":1,"minecraft:torch":54,"minecraft:dirt":21,"minecraft:iron_axe":130,"biomesoplenty:redwood_boat":1,"dungeonsweaponry:dagger":343,"evilcraft:flesh_humanoid":1,"minecraft:beef":1,"minecraft:goat_horn":1,"farmersdelight:cooked_mutton_chops":5,"minecraft:cooked_beef":1,"minecraft:cobbled_deepslate":11,"minecraft:mossy_stone_brick_wall":1,"minecraft:iron_leggings":1,"minecraft:beetroot_soup":1,"minecraft:cooked_mutton":2,"minecraft:water_bucket":178,"minecraft:birch_planks":77,"minecraft:glass_bottle":136,"farmersdelight:onion":3,"minecraft:crafting_table":11,"minecraft:white_bed":17,"minecraft:campfire":1,"minecraft:cake":2,"minecraft:iron_pickaxe":1220,"minecraft:suspicious_stew":3,"minecraft:map":1,"minecraft:stone_axe":60,"minecraft:cobblestone":196,"minecraft:potion":112,"toughasnails:purified_water_bottle":20,"minecraft:cooked_porkchop":2,"minecraft:bucket":179,"minecraft:splash_potion":3},"minecraft:dropped":{"minecraft:moss_block":6,"minecraft:birch_planks":39,"minecraft:crafting_table":1,"vampirism:heart_seeker_enhanced":1,"minecraft:glow_berries":6,"minecraft:leather":24,"farmersdelight:rice":2,"minecraft:emerald":6,"born_in_chaos_v1:monster_flesh":2,"minecraft:dirt":3,"minecraft:dark_oak_log":3,"farmersdelight:onion":2,"minecraft:wooden_sword":3,"minecraft:bone_meal":1,"minecraft:birch_log":7,"minecraft:birch_stairs":12,"minecraft:gold_ingot":4,"minecraft:gravel":39,"minecraft:bone":12,"irons_spellbooks:blank_rune":1,"minecraft:iron_nugget":15,"ars_nouveau:wilden_spike":2,"minecraft:cobbled_deepslate":671,"alexsmobs:animal_dictionary":1,"biomesoplenty:redwood_sapling":10,"minecraft:birch_sapling":1,"minecraft:wheat":3,"minecraft:rotten_flesh":9,"vampirism:oblivion_potion":1,"minecraft:white_bed":1,"minecraft:salmon":4,"evilcraft:flesh_humanoid":2,"minecraft:gunpowder":2,"born_in_chaos_v1:corpse_maggot":3,"minecraft:azalea":2,"farmersdelight:rope":12,"minecraft:arrow":2,"biomesoplenty:redwood_door":2,"minecraft:splash_potion":1,"minecraft:netherrack":6,"vampirism:item_garlic":2,"minecraft:iron_ingot":5,"minecraft:bread":42,"minecraft:wheat_seeds":395,"vampirism:vampire_book":1,"evilcraft:condensed_blood":6,"minecraft:feather":2,"minecraft:cobblestone":59,"minecraft:coal":4,"minecraft:stick":6,"minecraft:cobweb":2,"minecraft:gray_wool":1,"minecraft:diorite":1,"minecraft:torch":39,"minecraft:string":28,"vampirism:garlic_bread":9,"minecraft:stone_brick_slab":1,"minecraft:furnace":3,"minecraft:bowl":6,"minecraft:tuff":57,"born_in_chaos_v1:rotten_fish":1,"minecraft:chicken":1,"biomesoplenty:redwood_planks":72,"minecraft:filled_map":1,"minecraft:andesite":1,"minecraft:spider_eye":3,"minecraft:stone_bricks":7,"minecraft:stone_pickaxe":1,"minecraft:wooden_pickaxe":1,"minecraft:magma_block":2,"minecraft:black_wool":1},"minecraft:mined":{"minecraft:dark_prismarine_stairs":2,"minecraft:spruce_planks":3,"minecraft:white_bed":18,"corn_delight:wild_corn":5,"minecraft:sculk_vein":1,"minecraft:spruce_trapdoor":3,"minecraft:granite":4,"minecraft:grass_block":9,"minecraft:white_concrete":3,"vampirism:weapon_table":1,"vampirism:hunter_table":1,"minecraft:chiseled_stone_bricks":1,"minecraft:spawner":3,"minecraft:magma_block":3,"minecraft:iron_ore":39,"minecraft:fire":5,"minecraft:deepslate_lapis_ore":9,"minecraft:sculk_shrieker":1,"minecraft:azalea":1,"minecraft:deepslate_redstone_ore":17,"minecraft:waxed_cut_copper":2,"minecraft:waxed_cut_copper_stairs":1,"minecraft:sandstone_slab":1,"minecraft:blue_wall_banner":4,"minecraft:soul_lantern":1,"minecraft:torch":2,"minecraft:cobblestone":155,"minecraft:oak_planks":3,"minecraft:smooth_sandstone_slab":1,"minecraft:wall_torch":6,"minecraft:mossy_stone_brick_wall":1,"minecraft:mud":1,"realmrpg_skeletons:webbed_skeleton":1,"evilcraft:dark_ore_deepslate":8,"minecraft:birch_log":57,"minecraft:wheat":111,"minecraft:birch_door":1,"minecraft:stone_brick_stairs":2,"minecraft:grass":9,"minecraft:oak_log":2,"minecraft:sand":15,"minecraft:dirt":79,"dungeonsweaponry:emerald_pot":4,"minecraft:netherrack":32,"realmrpg_skeletons:unsaved_skeleton":1,"minecraft:deepslate":514,"minecraft:infested_deepslate":2,"minecraft:dark_prismarine":1,"minecraft:tuff":64,"minecraft:deepslate_diamond_ore":14,"born_in_chaos_v1:infected_diamond_ore":1,"minecraft:glow_lichen":1,"minecraft:spruce_fence":2,"minecraft:spruce_leaves":1,"minecraft:moss_block":2,"minecraft:furnace":4,"minecraft:andesite":18,"minecraft:gold_block":1,"minecraft:white_glazed_terracotta":1,"minecraft:deepslate_iron_ore":22,"minecraft:rail":1,"minecraft:lantern":4,"minecraft:stone":1058,"minecraft:light_gray_carpet":2,"biomesoplenty:redwood_planks":22,"minecraft:glass_pane":1,"minecraft:stone_brick_slab":1,"minecraft:smooth_sandstone":3,"minecraft:crafting_table":3,"untamedwilds:flora_bush_temperate":4,"minecraft:emerald_ore":1,"minecraft:tall_grass":1,"minecraft:copper_ore":12,"biomesoplenty:sprout":3,"minecraft:deepslate_gold_ore":40,"minecraft:sculk":76,"minecraft:diorite":1,"minecraft:birch_planks":15,"untamedwilds:block_burrow":5,"deep_dark_regrowth:sculk_moss":1,"minecraft:sweet_berry_bush":7,"minecraft:spruce_log":4,"minecraft:birch_leaves":1,"minecraft:coal_ore":74,"evilcraft:blood_stain":1,"biomesoplenty:redwood_leaves":8,"minecraft:gravel":63,"minecraft:cobweb":9,"minecraft:cracked_stone_bricks":1,"evilcraft:bloody_cobblestone":2,"minecraft:stone_bricks":63,"biomesoplenty:redwood_wood":197,"minecraft:fern":1},"minecraft:crafted":{"minecraft:stone":24,"securitycraft:keypad_item":3,"minecraft:heavy_weighted_pressure_plate":3,"minecraft:cooked_mutton":2,"minecraft:glass":8,"minecraft:iron_boots":1,"doggytalents:sussy_sickle":2,"minecraft:chest":9,"minecraft:glass_bottle":3,"minecraft:cooked_porkchop":2,"minecraft:crafting_table":9,"minecraft:wooden_pickaxe":1,"minecraft:copper_ingot":41,"minecraft:birch_planks":13,"minecraft:campfire":1,"biomesoplenty:redwood_boat":1,"toughasnails:water_purifier":1,"minecraft:charcoal":9,"minecraft:stick":28,"minecraft:iron_pickaxe":5,"minecraft:iron_ingot":13,"minecraft:furnace":4,"minecraft:stone_button":24,"minecraft:stone_pickaxe":8,"minecraft:cooked_beef":1,"farmersdelight:cooked_mutton_chops":5,"biomesoplenty:redwood_door":3,"biomesoplenty:redwood_planks":134,"minecraft:bucket":1,"minecraft:stone_axe":3,"minecraft:bread":27,"minecraft:air":592,"minecraft:white_bed":1,"minecraft:torch":48},"minecraft:killed_by":{"alexsmobs:murmur_head":1,"minecraft:warden":1},"minecraft:picked_up":{"irons_spellbooks:scroll":1,"minecraft:wheat":111,"vampirism:oblivion_potion":1,"minecraft:enchanted_book":2,"minecraft:stone_brick_stairs":1,"minecraft:string":42,"minecraft:raw_copper":41,"minecraft:armor_stand":1,"minecraft:experience_bottle":1,"irons_spellbooks:arcane_essence":1,"minecraft:cobbled_deepslate":695,"minecraft:azalea":2,"irons_spellbooks:blank_rune":1,"biomesoplenty:redwood_wood":180,"delightful:green_tea_leaf":5,"minecraft:furnace":4,"minecraft:tipped_arrow":122,"minecraft:white_glazed_terracotta":1,"minecraft:stick":34,"minecraft:torch":14,"deeperdarker:heart_of_the_deep":1,"minecraft:porkchop":5,"vampirism:holy_water_bottle_enhanced":5,"minecraft:diorite":1,"vampirism:vampire_fang":4,"minecraft:goat_horn":1,"vampirism:hunter_table":1,"minecraft:rotten_flesh":30,"farmersdelight:onion":1,"farmersdelight:rope":23,"evilcraft:condensed_blood":16,"vampirism:heart_seeker_enhanced":1,"minecraft:cobblestone":1062,"minecraft:birch_log":55,"minecraft:leather_chestplate":1,"minecraft:magma_block":2,"vampirism:weapon_table":1,"vampirism:vampire_book":1,"farmersdelight:onion_crate":2,"farmersdelight:rice":2,"minecraft:andesite":1,"biomesoplenty:redwood_door":2,"paraglider:spirit_orb":6,"minecraft:flint":3,"minecraft:tuff":68,"evilcraft:flesh_humanoid":3,"deep_dark_regrowth:mossy_fluorite":32,"minecraft:lapis_lazuli":53,"minecraft:dirt":88,"minecraft:stripped_birch_log":1,"minecraft:lantern":2,"ars_elemental:anima_caster_tome":1,"born_in_chaos_v1:monster_skin":1,"minecraft:bone":21,"evilcraft:bloody_cobblestone":1,"ars_nouveau:source_gem":4,"minecraft:wheat_seeds":560,"minecraft:raw_gold":41,"vampirism:item_garlic":2,"fishofthieves:earthworms":7,"minecraft:moss_block":6,"endrem:lost_eye":2,"minecraft:sand":14,"dungeonsweaponry:trickbow":1,"minecraft:dark_prismarine":1,"minecraft:diamond":11,"minecraft:soul_lantern":1,"waystones:waystone":3,"minecraft:crossbow":1,"minecraft:bone_meal":1,"minecraft:golden_apple":3,"born_in_chaos_v1:rotten_fish":4,"minecraft:emerald":73,"minecraft:bread":15,"minecraft:blue_banner":4,"minecraft:netherrack":7,"born_in_chaos_v1:diamond_termite_shard":1,"minecraft:crafting_table":3,"minecraft:mud":1,"minecraft:sandstone_slab":1,"minecraft:chicken":1,"born_in_chaos_v1:smoked_monster_flesh":7,"born_in_chaos_v1:seedof_chaos":1,"minecraft:gold_block":1,"minecraft:wooden_sword":3,"born_in_chaos_v1:intoxicating_decoction":2,"deeperdarker:warden_carapace":7,"minecraft:dark_prismarine_stairs":2,"minecraft:beef":16,"minecraft:iron_nugget":15,"minecraft:birch_sapling":19,"deep_dark_regrowth:soul_of_the_depths":3,"minecraft:egg":1,"minecraft:raw_iron":61,"untamedwilds:flora_bush_temperate":3,"minecraft:fire_charge":1,"born_in_chaos_v1:pieceofdarkmetal":2,"minecraft:redstone":64,"dungeonsweaponry:claymore":1,"minecraft:smooth_sandstone_slab":1,"biomesoplenty:redwood_planks":34,"corn_delight:corn_seeds":5,"minecraft:arrow":3,"biomesoplenty:redwood_sapling":25,"minecraft:glow_berries":6,"minecraft:mutton":10,"minecraft:white_wool":4,"born_in_chaos_v1:corpse_maggot":7,"vampirism:vampire_blood_bottle":4,"born_in_chaos_v1:monster_flesh":2,"minecraft:salmon":4,"minecraft:leather":25,"doggytalents:rice_grains":2,"minecraft:birch_planks":60,"fishofthieves:grubs":1,"minecraft:oak_log":1,"minecraft:gunpowder":2,"irons_spellbooks:common_ink":2,"minecraft:smooth_sandstone":1,"minecraft:stone_bricks":55,"untamedwilds:material_fat":8,"minecraft:iron_ingot":11,"minecraft:cobweb":2,"minecraft:mossy_stone_brick_wall":1,"minecraft:iron_sword":1,"minecraft:sculk_catalyst":3,"minecraft:sweet_berries":17,"minecraft:stone_brick_slab":1,"born_in_chaos_v1:orbofthe_summoner":1,"born_in_chaos_v1:ethereal_spirit":4,"minecraft:gravel":70,"minecraft:birch_stairs":12,"minecraft:white_bed":18,"ars_nouveau:music_disc_thistle_the_sound_of_glass":1,"minecraft:spider_eye":5,"ars_nouveau:wilden_spike":2,"evilcraft:dark_gem":41,"minecraft:gray_wool":1,"dungeonsweaponry:glaive":3,"minecraft:black_wool":1,"minecraft:coal":83}},"DataVersion":3465}