{"stats":{"minecraft:killed":{"minecraft:cave_spider":1,"dungeonsweaponry:vanguard":9,"minecraft:spider":1,"born_in_chaos_v1:zombie_bruiser":1,"born_in_chaos_v1:maggot":2,"minecraft:skeleton":2,"minecraft:chicken":1,"minecraft:pig":2,"untamedwilds:boar":1,"dungeonsweaponry:nameless_one":1,"vampirism:hunter":1,"minecraft:sheep":6,"minecraft:zombie":9,"born_in_chaos_v1:corpse_fly":2},"minecraft:custom":{"minecraft:mob_kills":39,"minecraft:interact_with_crafting_table":32,"minecraft:open_barrel":2,"minecraft:bell_ring":2,"minecraft:damage_dealt_resisted":597,"minecraft:eat_cake_slice":4,"minecraft:leave_game":1,"minecraft:time_since_death":66485,"minecraft:climb_one_cm":270,"minecraft:sprint_one_cm":254800,"minecraft:walk_one_cm":379218,"minecraft:drop":30,"minecraft:talked_to_villager":1,"minecraft:play_time":133355,"minecraft:deaths":3,"minecraft:sneak_time":7705,"minecraft:walk_under_water_one_cm":9895,"minecraft:jump":1704,"minecraft:walk_on_water_one_cm":5039,"minecraft:total_world_time":133355,"minecraft:interact_with_furnace":32,"minecraft:sleep_in_bed":7,"minecraft:time_since_rest":14875,"minecraft:damage_taken":2065,"minecraft:damage_absorbed":80,"minecraft:damage_dealt":10249,"minecraft:player_kills":1,"minecraft:swim_one_cm":16640,"minecraft:fly_one_cm":254928,"minecraft:open_chest":90,"minecraft:crouch_one_cm":15304,"minecraft:fall_one_cm":32751},"minecraft:crafted":{"minecraft:furnace":2,"minecraft:cooked_mutton":2,"minecraft:glass":8,"minecraft:iron_boots":1,"doggytalents:sussy_sickle":1,"minecraft:stone_pickaxe":1,"minecraft:chest":6,"minecraft:glass_bottle":3,"farmersdelight:cooked_mutton_chops":5,"minecraft:cooked_porkchop":2,"biomesoplenty:redwood_door":3,"minecraft:crafting_table":3,"biomesoplenty:redwood_planks":134,"minecraft:wooden_pickaxe":1,"minecraft:copper_ingot":41,"minecraft:bucket":1,"minecraft:birch_planks":13,"minecraft:stone_axe":3,"minecraft:bread":27,"minecraft:air":587,"minecraft:charcoal":9,"toughasnails:water_purifier":1,"minecraft:stick":4,"minecraft:iron_ingot":4,"minecraft:iron_pickaxe":1,"minecraft:white_bed":1,"minecraft:torch":48},"minecraft:picked_up":{"minecraft:mud":1,"minecraft:crafting_table":2,"minecraft:wheat":111,"minecraft:chicken":1,"minecraft:stone_brick_stairs":1,"minecraft:string":10,"minecraft:raw_copper":41,"minecraft:armor_stand":1,"biomesoplenty:redwood_wood":180,"delightful:green_tea_leaf":5,"minecraft:birch_sapling":18,"minecraft:egg":1,"minecraft:white_glazed_terracotta":1,"minecraft:stick":32,"minecraft:raw_iron":4,"minecraft:torch":6,"untamedwilds:flora_bush_temperate":3,"minecraft:porkchop":5,"born_in_chaos_v1:pieceofdarkmetal":1,"dungeonsweaponry:claymore":1,"corn_delight:corn_seeds":5,"biomesoplenty:redwood_planks":25,"minecraft:arrow":2,"minecraft:rotten_flesh":10,"farmersdelight:rope":11,"biomesoplenty:redwood_sapling":25,"minecraft:mutton":10,"minecraft:white_wool":4,"minecraft:cobblestone":121,"minecraft:birch_log":49,"minecraft:leather_chestplate":1,"minecraft:leather":1,"paraglider:spirit_orb":4,"minecraft:birch_planks":18,"doggytalents:rice_grains":2,"biomesoplenty:redwood_door":2,"minecraft:dirt":18,"minecraft:lantern":2,"minecraft:smooth_sandstone":1,"minecraft:bone":12,"minecraft:stone_bricks":5,"untamedwilds:material_fat":1,"minecraft:wheat_seeds":560,"minecraft:iron_ingot":1,"fishofthieves:earthworms":1,"minecraft:mossy_stone_brick_wall":1,"minecraft:iron_sword":1,"minecraft:sweet_berries":17,"minecraft:sand":12,"dungeonsweaponry:trickbow":1,"minecraft:white_bed":6,"ars_nouveau:music_disc_thistle_the_sound_of_glass":1,"minecraft:spider_eye":2,"minecraft:soul_lantern":1,"minecraft:golden_apple":1,"minecraft:gray_wool":1,"dungeonsweaponry:glaive":3,"minecraft:emerald":72,"minecraft:black_wool":1,"minecraft:coal":34},"minecraft:broken":{"minecraft:stone_axe":1},"minecraft:used":{"biomesoplenty:redwood_door":1,"toughasnails:water_purifier":1,"biomesoplenty:redwood_planks":296,"minecraft:chest":6,"minecraft:iron_sword":56,"minecraft:torch":39,"minecraft:dirt":16,"doggytalents:sussy_sickle":87,"minecraft:lantern":2,"minecraft:iron_helmet":1,"dungeonsweaponry:dagger":40,"minecraft:furnace":2,"farmersdelight:cooked_mutton_chops":2,"minecraft:egg":1,"minecraft:mossy_stone_brick_wall":1,"minecraft:iron_leggings":1,"minecraft:beetroot_soup":1,"minecraft:cooked_mutton":2,"minecraft:water_bucket":2,"minecraft:birch_planks":56,"minecraft:glass_bottle":26,"minecraft:stone_pickaxe":113,"minecraft:wooden_pickaxe":14,"minecraft:golden_apple":2,"minecraft:crafting_table":5,"minecraft:white_bed":7,"minecraft:bread":10,"minecraft:iron_pickaxe":77,"minecraft:soul_lantern":1,"minecraft:stone_axe":43,"minecraft:cobblestone":24,"minecraft:potion":14,"toughasnails:purified_water_bottle":9,"minecraft:cooked_porkchop":2,"minecraft:bucket":3,"minecraft:air":1,"minecraft:splash_potion":3},"minecraft:mined":{"minecraft:white_bed":6,"corn_delight:wild_corn":5,"minecraft:grass_block":5,"minecraft:spruce_leaves":1,"minecraft:chiseled_stone_bricks":1,"minecraft:spawner":2,"minecraft:furnace":1,"minecraft:iron_ore":4,"minecraft:fire":5,"minecraft:white_glazed_terracotta":1,"minecraft:lantern":2,"minecraft:stone":120,"biomesoplenty:redwood_planks":13,"minecraft:soul_lantern":1,"minecraft:smooth_sandstone":3,"minecraft:crafting_table":2,"minecraft:torch":1,"untamedwilds:flora_bush_temperate":4,"minecraft:emerald_ore":1,"minecraft:tall_grass":1,"minecraft:copper_ore":12,"minecraft:cobblestone":8,"biomesoplenty:sprout":3,"minecraft:wall_torch":3,"minecraft:birch_planks":10,"untamedwilds:block_burrow":3,"deep_dark_regrowth:sculk_moss":1,"minecraft:mossy_stone_brick_wall":1,"minecraft:mud":1,"minecraft:birch_log":57,"minecraft:sweet_berry_bush":7,"minecraft:wheat":111,"minecraft:spruce_log":4,"minecraft:birch_leaves":1,"minecraft:birch_door":1,"minecraft:stone_brick_stairs":1,"minecraft:grass":7,"minecraft:coal_ore":29,"biomesoplenty:redwood_leaves":8,"minecraft:dirt":12,"minecraft:sand":12,"minecraft:cobweb":1,"dungeonsweaponry:emerald_pot":4,"evilcraft:bloody_cobblestone":1,"minecraft:stone_bricks":9,"biomesoplenty:redwood_wood":197,"minecraft:fern":1},"minecraft:dropped":{"minecraft:iron_ingot":1,"minecraft:bread":1,"minecraft:wheat_seeds":395,"minecraft:dirt":1,"minecraft:gray_wool":1,"minecraft:birch_log":1,"alexsmobs:animal_dictionary":1,"biomesoplenty:redwood_sapling":10,"minecraft:bowl":1,"minecraft:wheat":3,"minecraft:chicken":1,"minecraft:rotten_flesh":2,"biomesoplenty:redwood_planks":12,"minecraft:arrow":1,"minecraft:wooden_pickaxe":1,"minecraft:stone_pickaxe":1,"biomesoplenty:redwood_door":2,"minecraft:splash_potion":1,"minecraft:black_wool":1}},"DataVersion":3465}