{"stats":{"minecraft:used":{"biomesoplenty:redwood_door":2,"toughasnails:water_purifier":1,"biomesoplenty:redwood_planks":296,"minecraft:chest":6,"minecraft:iron_sword":56,"minecraft:torch":54,"minecraft:dirt":16,"securitycraft:keypad_item":3,"doggytalents:sussy_sickle":119,"minecraft:lantern":2,"minecraft:iron_helmet":1,"dungeonsweaponry:dagger":58,"minecraft:furnace":2,"farmersdelight:cooked_mutton_chops":2,"minecraft:egg":1,"minecraft:mossy_stone_brick_wall":1,"minecraft:beetroot_soup":1,"minecraft:iron_leggings":1,"minecraft:cooked_mutton":2,"minecraft:water_bucket":6,"minecraft:birch_planks":56,"minecraft:glass_bottle":33,"minecraft:stone_pickaxe":1030,"minecraft:wooden_pickaxe":14,"minecraft:golden_apple":2,"minecraft:crafting_table":6,"minecraft:white_bed":7,"minecraft:bread":18,"minecraft:iron_pickaxe":223,"minecraft:soul_lantern":1,"minecraft:stone_axe":52,"minecraft:cobblestone":169,"minecraft:potion":15,"toughasnails:purified_water_bottle":17,"minecraft:cooked_porkchop":2,"minecraft:bucket":6,"minecraft:air":1,"minecraft:splash_potion":3},"minecraft:dropped":{"minecraft:iron_ingot":1,"minecraft:bread":1,"minecraft:wheat_seeds":395,"minecraft:stick":2,"minecraft:dirt":1,"minecraft:gray_wool":1,"minecraft:birch_log":1,"alexsmobs:animal_dictionary":1,"biomesoplenty:redwood_sapling":10,"minecraft:bowl":1,"minecraft:wheat":3,"minecraft:chicken":1,"minecraft:rotten_flesh":2,"biomesoplenty:redwood_planks":12,"minecraft:stone_bricks":7,"minecraft:arrow":1,"minecraft:wooden_pickaxe":1,"minecraft:stone_pickaxe":1,"biomesoplenty:redwood_door":2,"minecraft:splash_potion":1,"minecraft:black_wool":1},"minecraft:crafted":{"minecraft:furnace":2,"minecraft:stone_button":24,"minecraft:stone":24,"securitycraft:keypad_item":3,"minecraft:heavy_weighted_pressure_plate":3,"minecraft:cooked_mutton":2,"minecraft:glass":8,"minecraft:iron_boots":1,"doggytalents:sussy_sickle":1,"minecraft:stone_pickaxe":8,"minecraft:chest":6,"minecraft:glass_bottle":3,"farmersdelight:cooked_mutton_chops":5,"minecraft:cooked_porkchop":2,"biomesoplenty:redwood_door":3,"minecraft:crafting_table":4,"biomesoplenty:redwood_planks":134,"minecraft:wooden_pickaxe":1,"minecraft:copper_ingot":41,"minecraft:bucket":1,"minecraft:birch_planks":13,"minecraft:stone_axe":3,"minecraft:bread":27,"minecraft:air":588,"minecraft:charcoal":9,"toughasnails:water_purifier":1,"minecraft:stick":8,"minecraft:iron_ingot":4,"minecraft:iron_pickaxe":1,"minecraft:white_bed":1,"minecraft:torch":48},"minecraft:picked_up":{"minecraft:mud":1,"minecraft:crafting_table":2,"minecraft:wheat":111,"minecraft:sandstone_slab":1,"minecraft:chicken":1,"minecraft:stone_brick_stairs":1,"minecraft:string":11,"minecraft:raw_copper":41,"minecraft:armor_stand":1,"minecraft:beef":10,"biomesoplenty:redwood_wood":180,"delightful:green_tea_leaf":5,"minecraft:birch_sapling":18,"minecraft:egg":1,"minecraft:white_glazed_terracotta":1,"minecraft:stick":34,"minecraft:raw_iron":4,"minecraft:torch":11,"untamedwilds:flora_bush_temperate":3,"minecraft:porkchop":5,"born_in_chaos_v1:pieceofdarkmetal":1,"dungeonsweaponry:claymore":1,"minecraft:smooth_sandstone_slab":1,"biomesoplenty:redwood_planks":34,"corn_delight:corn_seeds":5,"minecraft:arrow":2,"minecraft:rotten_flesh":12,"farmersdelight:rope":11,"biomesoplenty:redwood_sapling":25,"minecraft:mutton":10,"minecraft:white_wool":4,"minecraft:cobblestone":1040,"minecraft:birch_log":49,"minecraft:leather_chestplate":1,"vampirism:vampire_blood_bottle":1,"minecraft:leather":9,"doggytalents:rice_grains":2,"minecraft:birch_planks":18,"paraglider:spirit_orb":4,"biomesoplenty:redwood_door":2,"minecraft:flint":3,"fishofthieves:grubs":1,"minecraft:dirt":81,"minecraft:lantern":2,"minecraft:smooth_sandstone":1,"minecraft:bone":12,"evilcraft:bloody_cobblestone":1,"minecraft:stone_bricks":55,"untamedwilds:material_fat":1,"minecraft:wheat_seeds":560,"minecraft:iron_ingot":1,"fishofthieves:earthworms":7,"minecraft:mossy_stone_brick_wall":1,"minecraft:iron_sword":1,"minecraft:sweet_berries":17,"minecraft:gravel":31,"minecraft:sand":14,"dungeonsweaponry:trickbow":1,"minecraft:white_bed":6,"ars_nouveau:music_disc_thistle_the_sound_of_glass":1,"minecraft:spider_eye":2,"minecraft:soul_lantern":1,"waystones:waystone":1,"minecraft:golden_apple":1,"minecraft:gray_wool":1,"dungeonsweaponry:glaive":3,"minecraft:emerald":72,"born_in_chaos_v1:rotten_fish":3,"minecraft:black_wool":1,"minecraft:coal":75},"minecraft:custom":{"minecraft:mob_kills":47,"minecraft:interact_with_crafting_table":46,"minecraft:open_barrel":2,"minecraft:bell_ring":2,"minecraft:damage_dealt_resisted":841,"minecraft:eat_cake_slice":4,"minecraft:leave_game":2,"minecraft:time_since_death":216365,"minecraft:climb_one_cm":270,"minecraft:sprint_one_cm":338356,"minecraft:walk_one_cm":567372,"minecraft:drop":32,"minecraft:talked_to_villager":1,"minecraft:play_time":283235,"minecraft:deaths":3,"minecraft:sneak_time":13086,"minecraft:walk_under_water_one_cm":15998,"minecraft:jump":2061,"minecraft:walk_on_water_one_cm":8411,"minecraft:total_world_time":283235,"minecraft:interact_with_furnace":46,"minecraft:sleep_in_bed":8,"minecraft:time_since_rest":16233,"minecraft:damage_taken":2391,"minecraft:damage_absorbed":80,"minecraft:damage_dealt":12646,"minecraft:player_kills":1,"minecraft:fly_one_cm":300562,"minecraft:swim_one_cm":36713,"minecraft:open_chest":112,"minecraft:crouch_one_cm":28495,"minecraft:fall_one_cm":36585},"minecraft:mined":{"minecraft:white_bed":6,"corn_delight:wild_corn":5,"minecraft:grass_block":8,"minecraft:spruce_leaves":1,"minecraft:chiseled_stone_bricks":1,"minecraft:spawner":2,"minecraft:furnace":1,"minecraft:iron_ore":4,"minecraft:fire":5,"minecraft:white_glazed_terracotta":1,"minecraft:lantern":2,"minecraft:stone":924,"minecraft:sandstone_slab":1,"biomesoplenty:redwood_planks":22,"minecraft:soul_lantern":1,"minecraft:smooth_sandstone":3,"minecraft:crafting_table":2,"minecraft:torch":1,"untamedwilds:flora_bush_temperate":4,"minecraft:emerald_ore":1,"minecraft:cobblestone":147,"minecraft:tall_grass":1,"minecraft:copper_ore":12,"biomesoplenty:sprout":3,"minecraft:smooth_sandstone_slab":1,"minecraft:wall_torch":5,"untamedwilds:block_burrow":3,"minecraft:birch_planks":10,"deep_dark_regrowth:sculk_moss":1,"minecraft:mossy_stone_brick_wall":1,"minecraft:mud":1,"minecraft:birch_log":57,"minecraft:wheat":111,"minecraft:sweet_berry_bush":7,"minecraft:spruce_log":4,"minecraft:birch_leaves":1,"minecraft:birch_door":1,"minecraft:stone_brick_stairs":1,"minecraft:grass":7,"minecraft:coal_ore":70,"biomesoplenty:redwood_leaves":8,"minecraft:gravel":34,"minecraft:dirt":72,"minecraft:sand":15,"minecraft:cobweb":2,"dungeonsweaponry:emerald_pot":4,"evilcraft:bloody_cobblestone":2,"minecraft:stone_bricks":61,"biomesoplenty:redwood_wood":197,"minecraft:fern":1},"minecraft:broken":{"minecraft:stone_pickaxe":6,"minecraft:stone_axe":1},"minecraft:killed":{"minecraft:cave_spider":1,"vampirism:advanced_vampire":1,"dungeonsweaponry:vanguard":9,"minecraft:spider":1,"born_in_chaos_v1:zombie_bruiser":2,"born_in_chaos_v1:maggot":2,"minecraft:skeleton":2,"minecraft:chicken":1,"born_in_chaos_v1:corpse_fish":1,"minecraft:pig":2,"untamedwilds:boar":1,"dungeonsweaponry:nameless_one":1,"vampirism:hunter":1,"minecraft:sheep":6,"born_in_chaos_v1:zombie_fisherman":1,"minecraft:zombie":9,"born_in_chaos_v1:corpse_fly":2,"minecraft:cow":4}},"DataVersion":3465}