{"stats":{"minecraft:picked_up":{"minecraft:arrow":1,"minecraft:bone":2,"minecraft:rotten_flesh":6,"minecraft:slime_ball":1,"minecraft:stripped_spruce_wood":3,"minecraft:gunpowder":1,"minecraft:snowball":18,"minecraft:dirt":12},"minecraft:custom":{"minecraft:time_since_rest":26109,"minecraft:open_chest":1,"minecraft:crouch_one_cm":341,"minecraft:play_time":26109,"minecraft:sprint_one_cm":26092,"minecraft:damage_taken":30,"minecraft:walk_one_cm":41857,"minecraft:sneak_time":133,"minecraft:walk_under_water_one_cm":632,"minecraft:mob_kills":17,"minecraft:damage_dealt_resisted":80,"minecraft:jump":69,"minecraft:damage_dealt":28,"minecraft:leave_game":2,"minecraft:time_since_death":26109,"minecraft:walk_on_water_one_cm":94,"minecraft:total_world_time":26109,"minecraft:talked_to_villager":2,"minecraft:fall_one_cm":813,"minecraft:fly_one_cm":221636},"minecraft:used":{"k_turrets:gauss_turret_item":3,"minecraft:spawner":1,"k_turrets:bullet_turret_item":1,"minecraft:cooked_beef":1,"minecraft:zombie_spawn_egg":33},"minecraft:killed":{"minecraft:spider":1,"k_turrets:gauss_turret":1,"minecraft:zombie":10,"k_turrets:bullet_turret":1}},"DataVersion":3465}