{"stats":{"minecraft:mined":{"minecraft:light_blue_stained_glass_pane":2,"minecraft:spruce_planks":3,"minecraft:blue_stained_glass_pane":4,"minecraft:dark_oak_log":5,"minecraft:gray_stained_glass_pane":4,"minecraft:ladder":4,"minecraft:grass_block":5,"minecraft:white_stained_glass":2,"minecraft:spruce_leaves":31,"minecraft:large_fern":3,"minecraft:dirt_path":2,"minecraft:stone":36,"minecraft:glass_pane":4,"jeg:scrap_ore":2,"minecraft:crafting_table":3,"minecraft:torch":1,"minecraft:gray_stained_glass":4,"minecraft:white_stained_glass_pane":2,"minecraft:glass":6,"minecraft:cobblestone":5,"minecraft:wall_torch":2,"minecraft:blue_bed":3,"minecraft:purple_bed":5,"minecraft:sweet_berry_bush":4,"minecraft:spruce_log":69,"k_turrets:titanium_ore":1,"minecraft:coal_ore":20,"minecraft:dirt":3,"minecraft:fern":1},"minecraft:killed_by":{"minecraft:player":1,"minecraft:spider":1,"minecraft:enderman":1,"hordes:zombie_player":3,"minecraft:zombie":1},"minecraft:killed":{"hordes:zombie_player":8,"minecraft:phantom":1,"minecraft:zombie_villager":1,"minecraft:sheep":8,"minecraft:zombie":5},"minecraft:picked_up":{"minecraft:wooden_axe":1,"minecraft:crafting_table":3,"minecraft:wheat":1,"minecraft:ladder":1,"minecraft:diamond_sword":1,"minecraft:wooden_pickaxe":1,"minecraft:nether_brick":7,"max_armory:diamond_machete":1,"jeg:weighted_stock":1,"minecraft:string":9,"immersive_aircraft:biplane":2,"minecraft:iron_leggings":1,"jeg:revolver":5,"minecraft:gold_nugget":4,"minecraft:spruce_planks":6,"minecraft:wooden_shovel":1,"minecraft:iron_nugget":1,"farmersdelight:cabbage_seeds":2,"minecraft:stick":1,"jeg:pistol_ammo":140,"minecraft:torch":4,"immersive_aircraft:rotary_cannon":1,"jeg:tactical_stock":2,"minecraft:golden_chestplate":2,"minecraft:rotten_flesh":12,"minecraft:pumpkin_pie":1,"k_turrets:raw_titanium":1,"minecraft:mutton":11,"minecraft:white_wool":8,"minecraft:bone_block":4,"minecraft:cobblestone":39,"minecraft:oxeye_daisy":1,"minecraft:feather":1,"farmersdelight:rice":3,"minecraft:leather":1,"minecraft:golden_leggings":2,"minecraft:potato":8,"minecraft:flint":5,"jeg:scrap":3,"minecraft:gunpowder":20,"minecraft:dirt":28,"minecraft:blue_bed":3,"minecraft:bone":8,"minecraft:apple":1,"minecraft:wheat_seeds":9,"immersive_aircraft:industrial_gears":1,"minecraft:iron_ingot":1,"jeg:tech_trash":1,"minecraft:stone_hoe":1,"jeg:assault_rifle":1,"immersive_aircraft:sturdy_pipes":1,"minecraft:pumpkin":3,"minecraft:sweet_berries":29,"immersive_aircraft:gyroscope":1,"minecraft:spruce_sapling":3,"minecraft:grass_block":21,"minecraft:spruce_log":70,"minecraft:dark_oak_log":5,"minecraft:leather_helmet":1,"minecraft:firework_rocket":64,"minecraft:purple_bed":6,"minecraft:slime_ball":1,"minecraft:gray_wool":1,"minecraft:golden_horse_armor":1,"immersive_aircraft:steel_boiler":1,"minecraft:netherrack":1,"minecraft:coal":82},"minecraft:used":{"jeg:stun_grenade":31,"immersive_aircraft:airship":1,"minecraft:ladder":1,"minecraft:spruce_planks":118,"minecraft:zombie_spawn_egg":16,"minecraft:rotten_flesh":5,"immersive_aircraft:quadrocopter":1,"minecraft:dirt":19,"minecraft:carrot":6,"jeg:grenade":26,"minecraft:wooden_axe":23,"minecraft:sweet_berries":1,"jeg:revolver":37,"immersive_aircraft:biplane":2,"minecraft:cooked_mutton":1,"minecraft:stone_pickaxe":36,"minecraft:blackstone":3,"minecraft:wooden_pickaxe":36,"minecraft:blue_bed":3,"minecraft:polished_blackstone_bricks":39,"immersive_aircraft:cargo_airship":1,"minecraft:crafting_table":5,"jeg:bolt_action_rifle":12,"max_armory:diamond_machete":8,"minecraft:bread":4,"minecraft:stone_axe":36,"minecraft:wooden_sword":8,"minecraft:cobblestone":3,"minecraft:purple_bed":5,"minecraft:pumpkin_pie":1,"minecraft:splash_potion":6},"minecraft:crafted":{"minecraft:wooden_sword":1,"max_armory:diamond_machete":1,"minecraft:cooked_mutton":1,"minecraft:stone_pickaxe":2,"minecraft:dark_oak_planks":20,"minecraft:stone_hoe":1,"max_armory:handle":1,"minecraft:crafting_table":4,"minecraft:spruce_planks":256,"minecraft:wooden_pickaxe":3,"minecraft:stone_axe":1,"minecraft:air":0,"minecraft:stick":24,"minecraft:wooden_axe":2,"minecraft:stone_sword":1},"minecraft:dropped":{"minecraft:stone_hoe":2,"minecraft:iron_ingot":1,"minecraft:moss_block":4,"minecraft:golden_horse_armor":1,"minecraft:ender_pearl":1,"minecraft:crafting_table":1,"minecraft:cobblestone":9,"minecraft:leather":1,"minecraft:apple":2,"minecraft:coal":20,"minecraft:leather_helmet":2,"farmersdelight:rice":3,"minecraft:stick":2,"minecraft:flint":5,"minecraft:gray_wool":1,"minecraft:mutton":11,"minecraft:wooden_axe":1,"minecraft:iron_leggings":2,"minecraft:pumpkin":1,"minecraft:polished_blackstone_bricks":1,"minecraft:string":9,"minecraft:dark_oak_planks":20,"minecraft:white_wool":8,"minecraft:spruce_sapling":1,"minecraft:bone":8,"minecraft:stone_axe":1,"minecraft:sweet_berries":11,"minecraft:iron_nugget":1,"minecraft:golden_chestplate":3,"minecraft:stone_sword":1,"minecraft:nether_brick":7,"firstaid:morphine":1,"minecraft:wheat":13,"farmersdelight:cabbage_seeds":4,"minecraft:rotten_flesh":4,"jeg:rifle_ammo":128,"minecraft:carrot":9,"minecraft:diamond_sword":1,"jeg:revolver":4,"minecraft:stone":1,"minecraft:gunpowder":19,"minecraft:spruce_planks":25,"max_armory:diamond_machete":2,"minecraft:golden_leggings":2,"farmersdelight:rope":16,"jeg:assault_rifle":2,"minecraft:spruce_log":12,"minecraft:wooden_pickaxe":1,"minecraft:stone_pickaxe":1,"jeg:pistol_ammo":105,"minecraft:splash_potion":1},"minecraft:custom":{"minecraft:mob_kills":23,"minecraft:interact_with_crafting_table":11,"minecraft:damage_dealt_resisted":11,"minecraft:leave_game":4,"minecraft:time_since_death":73,"minecraft:climb_one_cm":4569,"minecraft:sprint_one_cm":331907,"minecraft:walk_one_cm":264315,"minecraft:drop":73,"minecraft:play_time":152849,"minecraft:deaths":13,"minecraft:sneak_time":7411,"minecraft:walk_under_water_one_cm":582,"minecraft:jump":1455,"minecraft:walk_on_water_one_cm":4832,"minecraft:total_world_time":153088,"minecraft:interact_with_furnace":2,"minecraft:sleep_in_bed":5,"minecraft:time_since_rest":110,"minecraft:damage_taken":1887,"minecraft:damage_dealt":2767,"minecraft:swim_one_cm":21386,"minecraft:fly_one_cm":480346,"minecraft:player_kills":9,"minecraft:open_chest":18,"minecraft:crouch_one_cm":19238,"minecraft:fall_one_cm":30889}},"DataVersion":3465}