{"stats":{"minecraft:dropped":{"minecraft:cooked_beef":48,"jujutsucraft:cursed_technique_changer":3,"minecraft:sand":1,"minecraft:spruce_sapling":1},"minecraft:killed_by":{"jujutsucraft:cursed_spirit_grade_08":1,"minecraft:player":2,"jujutsucraft:sukuna":1},"minecraft:picked_up":{"minecraft:sandstone":1,"jujutsucraft:item_insect":1,"minecraft:sand":2,"minecraft:spruce_sapling":1,"jujutsucraft:clothes_geto_leggings":1,"jujutsucraft:clothes_geto_helmet":1,"jujutsucraft:uniform_normal_leggings":2},"minecraft:custom":{"minecraft:time_since_rest":3482,"minecraft:sprint_one_cm":36084,"minecraft:damage_taken":1586,"minecraft:walk_one_cm":69832,"minecraft:mob_kills":19,"minecraft:drop":8,"minecraft:damage_dealt":75,"minecraft:swim_one_cm":12447,"minecraft:fly_one_cm":373735,"minecraft:player_kills":16,"minecraft:crouch_one_cm":122,"minecraft:play_time":44536,"minecraft:deaths":5,"minecraft:sneak_time":151,"minecraft:walk_under_water_one_cm":3944,"minecraft:jump":291,"minecraft:damage_dealt_resisted":20772,"minecraft:leave_game":2,"minecraft:walk_on_water_one_cm":21011,"minecraft:time_since_death":3429,"minecraft:total_world_time":44536,"minecraft:damage_resisted":261,"minecraft:fall_one_cm":7452},"minecraft:used":{"jujutsucraft:tiger_funeral_spawn_egg":1,"jujutsucraft:clothes_geto_helmet":1,"jujutsucraft:garuda_spawn_egg":1,"jujutsucraft:rika_2_spawn_egg":8,"jujutsucraft:piercing_ox_spawn_egg":1,"jujutsucraft:sword_of_extermination":7,"jujutsucraft:kashimo_hajime_spawn_egg":1,"minecraft:sand":33,"jujutsucraft:nue_spawn_egg":2,"jujutsucraft:kurusu_hana_spawn_egg":1,"jujutsucraft:clothes_geto_leggings":1,"jujutsucraft:transfigured_human_3_spawn_egg":1,"minecraft:splash_potion":28,"jujutsucraft:takaba_fumihiko_spawn_egg":1},"minecraft:killed":{"jujutsucraft:cursed_spirit_grade_33":2,"jujutsucraft:crow":3,"jujutsucraft:cursed_spirit_grade_310":1,"minecraft:salmon":1,"jujutsucraft:cursed_spirit_grade_24":1,"minecraft:rabbit":2,"jujutsucraft:cursed_spirit_grade_318":1,"jujutsucraft:cursed_spirit_grade_317":2,"jujutsucraft:cursed_spirit_grade_38":1,"minecraft:squid":1,"jujutsucraft:cursed_spirit_grade_01":1}},"DataVersion":3465}