{"stats":{"minecraft:dropped":{"minecraft:spruce_log":1,"minecraft:stone":1,"minecraft:spruce_sapling":1},"minecraft:picked_up":{"minecraft:crafting_table":1,"minecraft:spruce_sapling":3,"minecraft:spruce_log":28,"minecraft:oxeye_daisy":1},"minecraft:crafted":{"minecraft:wooden_sword":1,"minecraft:crafting_table":1,"minecraft:stick":8,"minecraft:spruce_planks":48,"minecraft:wooden_pickaxe":1,"minecraft:wooden_axe":1},"minecraft:used":{"minecraft:wooden_axe":11,"minecraft:wooden_sword":1,"minecraft:crafting_table":1,"minecraft:spruce_planks":4,"minecraft:zombie_spawn_egg":6},"minecraft:mined":{"minecraft:spruce_leaves":19,"minecraft:spruce_log":28,"minecraft:crafting_table":1},"minecraft:killed_by":{"hordes:zombie_player":1},"minecraft:custom":{"minecraft:time_since_rest":10210,"minecraft:crouch_one_cm":1108,"minecraft:play_time":46690,"minecraft:sprint_one_cm":45889,"minecraft:deaths":1,"minecraft:damage_taken":60,"minecraft:walk_one_cm":35531,"minecraft:sneak_time":619,"minecraft:drop":3,"minecraft:damage_dealt_resisted":3,"minecraft:jump":122,"minecraft:damage_dealt":167,"minecraft:leave_game":3,"minecraft:time_since_death":10126,"minecraft:total_world_time":46929,"minecraft:interact_with_crafting_table":1,"minecraft:fall_one_cm":1045,"minecraft:fly_one_cm":59568}},"DataVersion":3465}