{"stats":{"minecraft:killed_by":{"alexsmobs:skelewag":1,"minecraft:player":5,"born_in_chaos_v1:corpse_fly":1},"minecraft:used":{"minecraft:cooked_mutton":4,"minecraft:stone_sword":126,"minecraft:birch_planks":359,"minecraft:glass_bottle":15,"minecraft:stone_pickaxe":79,"minecraft:poppy":1,"minecraft:chest":3,"minecraft:wooden_pickaxe":38,"minecraft:torch":12,"fishofthieves:earthworms":5,"minecraft:dirt":37,"minecraft:mutton":1,"minecraft:crafting_table":3,"minecraft:white_bed":4,"minecraft:birch_door":2,"waystones:waystone":2,"minecraft:glass":5,"minecraft:spruce_sapling":1,"minecraft:stone_axe":202,"delightful:green_tea_leaf":1,"minecraft:potion":10,"minecraft:beef":2,"minecraft:furnace":2,"minecraft:cooked_porkchop":1,"minecraft:birch_log":10,"minecraft:egg":2,"minecraft:cooked_beef":2,"minecraft:splash_potion":1,"minecraft:birch_stairs":10,"minecraft:moss_block":3},"minecraft:dropped":{"minecraft:porkchop":1,"minecraft:wheat_seeds":3,"minecraft:cooked_beef":2,"minecraft:stone_sword":2,"minecraft:birch_sapling":93,"biomesoplenty:maple_sapling":7,"minecraft:rotten_flesh":1,"minecraft:light_gray_wool":1,"delightful:green_tea_leaf":5,"born_in_chaos_v1:monster_flesh":6,"minecraft:dirt":3,"fishofthieves:earthworms":18,"farmersdelight:fried_egg":1,"minecraft:torch":2,"born_in_chaos_v1:corpse_maggot":6,"born_in_chaos_v1:fangofthe_hound_leader":2,"minecraft:wooden_axe":1,"doggytalents:rice_grains":1,"minecraft:wooden_sword":1,"minecraft:potion":4,"minecraft:glass":9,"minecraft:beef":5,"minecraft:wooden_pickaxe":3,"minecraft:white_wool":1,"fishofthieves:grubs":2,"minecraft:bone":2},"minecraft:crafted":{"minecraft:cooked_beef":5,"minecraft:wooden_sword":1,"minecraft:oak_planks":5,"minecraft:cooked_porkchop":1,"minecraft:crafting_table":3,"minecraft:spruce_planks":16,"minecraft:wooden_pickaxe":3,"minecraft:furnace":1,"minecraft:birch_planks":393,"minecraft:stone_axe":2,"minecraft:cooked_mutton":5,"minecraft:air":360,"minecraft:glass":25,"farmersdelight:fried_egg":1,"minecraft:stick":20,"minecraft:stone_pickaxe":2,"minecraft:wooden_axe":1,"minecraft:stone_sword":2,"minecraft:chest":3,"minecraft:white_bed":1,"minecraft:torch":20,"minecraft:birch_stairs":16},"minecraft:picked_up":{"minecraft:birch_log":176,"minecraft:birch_door":2,"born_in_chaos_v1:corpse_maggot":6,"minecraft:crafting_table":1,"minecraft:splash_potion":1,"minecraft:chicken":1,"born_in_chaos_v1:monster_flesh":6,"minecraft:leather":8,"minecraft:wooden_pickaxe":2,"doggytalents:rice_grains":1,"minecraft:birch_planks":106,"fishofthieves:grubs":2,"minecraft:oak_log":5,"minecraft:gunpowder":2,"minecraft:dirt":103,"born_in_chaos_v1:monster_skin":3,"minecraft:bone":5,"minecraft:wheat_seeds":2,"minecraft:beef":7,"born_in_chaos_v1:gnawed_bones":3,"fishofthieves:earthworms":23,"minecraft:poppy":1,"minecraft:glass_bottle":1,"minecraft:moss_block":3,"delightful:green_tea_leaf":6,"minecraft:birch_sapling":75,"minecraft:egg":2,"minecraft:furnace":1,"minecraft:stick":38,"minecraft:torch":4,"minecraft:porkchop":1,"minecraft:birch_stairs":6,"minecraft:sand":102,"minecraft:spruce_sapling":1,"born_in_chaos_v1:fangofthe_hound_leader":2,"minecraft:white_bed":3,"minecraft:spruce_log":4,"minecraft:stone_sword":2,"biomesoplenty:maple_sapling":7,"minecraft:rotten_flesh":2,"waystones:waystone":2,"minecraft:mutton":6,"minecraft:coal":33,"minecraft:white_wool":4,"minecraft:cobblestone":30},"minecraft:custom":{"minecraft:interact_with_furnace":14,"minecraft:mob_kills":29,"minecraft:interact_with_crafting_table":25,"minecraft:damage_dealt_resisted":187,"minecraft:leave_game":1,"minecraft:time_since_death":11514,"minecraft:sleep_in_bed":4,"minecraft:climb_one_cm":626,"minecraft:time_since_rest":11544,"minecraft:waystone_activated":3,"minecraft:sprint_one_cm":296789,"minecraft:damage_taken":2829,"minecraft:walk_one_cm":578783,"minecraft:drop":45,"minecraft:damage_dealt":5779,"minecraft:swim_one_cm":59755,"minecraft:fly_one_cm":85835,"minecraft:player_kills":3,"minecraft:open_chest":15,"minecraft:crouch_one_cm":6136,"minecraft:deaths":9,"minecraft:play_time":151682,"minecraft:sneak_time":2254,"minecraft:walk_under_water_one_cm":19362,"minecraft:jump":1236,"minecraft:walk_on_water_one_cm":39064,"minecraft:total_world_time":151682,"minecraft:fall_one_cm":28428},"minecraft:mined":{"minecraft:birch_stairs":6,"minecraft:white_bed":2,"minecraft:crafting_table":1,"biomesoplenty:bush":2,"minecraft:grass_block":76,"minecraft:poppy":1,"minecraft:moss_block":3,"minecraft:birch_planks":119,"untamedwilds:block_burrow":1,"minecraft:birch_log":172,"minecraft:birch_leaves":1,"minecraft:birch_door":1,"minecraft:grass":8,"minecraft:coal_ore":33,"minecraft:oak_log":5,"evilcraft:blood_stain":1,"minecraft:sand":87,"minecraft:dirt":19,"minecraft:stone":30,"minecraft:fern":1},"minecraft:killed":{"minecraft:pig":2,"born_in_chaos_v1:skeleton_demoman":1,"minecraft:spider":1,"minecraft:sheep":4,"minecraft:skeleton":2,"born_in_chaos_v1:dire_hound_leader":1,"born_in_chaos_v1:dread_hound":10,"minecraft:chicken":2,"born_in_chaos_v1:corpse_fly":3,"minecraft:player":3,"minecraft:cow":3},"minecraft:broken":{"minecraft:stone_pickaxe":1,"minecraft:stone_sword":1,"minecraft:stone_axe":2,"minecraft:wooden_pickaxe":1}},"DataVersion":3465}