{"stats":{"minecraft:mined":{"minecraft:spruce_planks":5,"minecraft:glass_pane":1,"minecraft:kelp_plant":3,"minecraft:grass_block":13,"minecraft:chest":1,"minecraft:spruce_leaves":3,"minecraft:kelp":1,"minecraft:blue_bed":1,"minecraft:large_fern":8,"minecraft:wheat":9,"minecraft:sweet_berry_bush":1,"minecraft:spruce_log":5,"minecraft:pumpkin":3,"minecraft:grass":1,"minecraft:potatoes":3,"minecraft:dirt":122,"minecraft:fern":2},"minecraft:killed_by":{"minecraft:player":10,"minecraft:skeleton":1,"minecraft:spider":1,"minecraft:zombie":6,"minecraft:enderman":2,"hordes:zombie_player":8,"minecraft:zombie_horse":1},"minecraft:killed":{"alexsmobs:lobster":1,"hordes:zombie_player":3,"alexsmobs:tarantula_hawk":1,"alexsmobs:raccoon":1,"minecraft:phantom":1,"minecraft:sheep":5,"minecraft:skeleton":1,"alexsmobs:crocodile":1,"minecraft:zombie":5,"alexsmobs:bison":1,"alexsmobs:tusklin":1,"alexsmobs:skreecher":1,"alexsmobs:skelewag":1,"minecraft:enderman":1},"minecraft:picked_up":{"minecraft:wheat":3,"minecraft:brown_wool":1,"alexsmobs:skreecher_soul":1,"minecraft:potato":12,"alexsmobs:cachalot_whale_tooth":1,"jeg:scrap":2,"minecraft:gunpowder":1,"jeg:weighted_stock":2,"alexsmobs:gazelle_horn":1,"minecraft:dirt":146,"minecraft:string":3,"minecraft:blue_bed":1,"jeg:spectre_ammo":128,"minecraft:iron_shovel":5,"minecraft:bone":2,"jeg:revolver":2,"minecraft:wheat_seeds":23,"minecraft:spruce_planks":3,"minecraft:iron_ingot":5,"jeg:pocket_bubble":1,"jeg:blossom_rifle":1,"minecraft:chest":1,"farmersdelight:cabbage_seeds":5,"minecraft:egg":2,"jeg:assault_rifle":6,"minecraft:stick":4,"minecraft:sweet_berries":10,"minecraft:pumpkin":6,"jeg:pistol_ammo":267,"minecraft:torch":2,"minecraft:porkchop":4,"minecraft:spruce_sapling":7,"minecraft:spruce_log":9,"minecraft:carrot":18,"minecraft:spruce_door":2,"alexsmobs:crocodile_scute":1,"minecraft:stone_sword":3,"minecraft:pumpkin_seeds":10,"minecraft:purple_bed":1,"minecraft:rotten_flesh":12,"jeg:typhoonee":2,"jeg:rifle_ammo":332,"minecraft:bread":22,"minecraft:mutton":7,"minecraft:white_wool":4,"minecraft:cobblestone":2},"minecraft:crafted":{"minecraft:cooked_mutton":1},"minecraft:dropped":{"minecraft:stone_sword":1,"k_turrets:gauss_turret_item":1,"jeg:rifle_ammo":44,"minecraft:carrot":9,"k_turrets:gauss_drone_item":1,"jeg:waterpipe_shotgun":1,"minecraft:iron_shovel":1,"minecraft:white_wool":1},"minecraft:used":{"k_turrets:gauss_drone_item":1,"minecraft:spruce_door":1,"minecraft:stone_sword":22,"minecraft:iron_shovel":21,"minecraft:spruce_planks":3,"minecraft:chest":1,"jeg:holy_shotgun":24,"jeg:assault_rifle":262,"k_turrets:gauss_turret_item":1,"minecraft:dirt":130,"k_turrets:brick_drone_item":2,"k_turrets:bullet_drone_item":2,"jeg:grenade":4,"minecraft:spruce_log":6,"securitycraft:diamond_mine":2,"minecraft:bread":2,"jeg:revolver":8,"jeg:waterpipe_shotgun":12,"minecraft:egg":1,"jeg:pocket_bubble":1},"minecraft:custom":{"minecraft:interact_with_furnace":3,"minecraft:interact_with_anvil":1,"minecraft:mob_kills":26,"minecraft:bell_ring":8,"minecraft:damage_dealt_resisted":60,"minecraft:leave_game":1,"minecraft:time_since_death":172,"minecraft:sleep_in_bed":7,"minecraft:climb_one_cm":8884,"minecraft:time_since_rest":209,"minecraft:sprint_one_cm":254181,"minecraft:damage_taken":7091,"minecraft:walk_one_cm":432006,"minecraft:drop":8,"minecraft:damage_dealt":2246,"minecraft:swim_one_cm":33122,"minecraft:fly_one_cm":74558,"minecraft:player_kills":8,"minecraft:open_chest":12,"minecraft:crouch_one_cm":9171,"minecraft:play_time":125843,"minecraft:deaths":36,"minecraft:sneak_time":5739,"minecraft:walk_under_water_one_cm":21089,"minecraft:jump":822,"minecraft:walk_on_water_one_cm":13249,"minecraft:total_world_time":125843,"minecraft:fall_one_cm":47895}},"DataVersion":3465}