{"stats":{"minecraft:killed":{"minecraft:pig":2,"born_in_chaos_v1:skeleton_demoman":1,"minecraft:spider":1,"minecraft:skeleton":1,"minecraft:sheep":4,"born_in_chaos_v1:dire_hound_leader":1,"born_in_chaos_v1:dread_hound":10,"minecraft:chicken":2,"born_in_chaos_v1:corpse_fly":3,"minecraft:player":3,"minecraft:cow":3},"minecraft:custom":{"minecraft:interact_with_furnace":14,"minecraft:mob_kills":28,"minecraft:interact_with_crafting_table":22,"minecraft:damage_dealt_resisted":187,"minecraft:time_since_death":26359,"minecraft:sleep_in_bed":3,"minecraft:waystone_activated":2,"minecraft:time_since_rest":26395,"minecraft:sprint_one_cm":216245,"minecraft:damage_taken":2072,"minecraft:walk_one_cm":501963,"minecraft:drop":30,"minecraft:damage_dealt":5707,"minecraft:swim_one_cm":16237,"minecraft:fly_one_cm":61727,"minecraft:player_kills":3,"minecraft:open_chest":5,"minecraft:crouch_one_cm":6136,"minecraft:play_time":126092,"minecraft:deaths":6,"minecraft:sneak_time":2254,"minecraft:walk_under_water_one_cm":15008,"minecraft:jump":914,"minecraft:walk_on_water_one_cm":32875,"minecraft:total_world_time":126092,"minecraft:fall_one_cm":20566},"minecraft:picked_up":{"minecraft:birch_log":134,"born_in_chaos_v1:corpse_maggot":6,"minecraft:crafting_table":1,"minecraft:birch_door":2,"minecraft:splash_potion":1,"minecraft:chicken":1,"born_in_chaos_v1:monster_flesh":6,"minecraft:leather":8,"minecraft:wooden_pickaxe":2,"minecraft:birch_planks":103,"doggytalents:rice_grains":1,"fishofthieves:grubs":2,"minecraft:oak_log":5,"minecraft:gunpowder":2,"minecraft:dirt":103,"born_in_chaos_v1:monster_skin":3,"minecraft:bone":5,"minecraft:wheat_seeds":2,"minecraft:beef":7,"born_in_chaos_v1:gnawed_bones":3,"fishofthieves:earthworms":23,"minecraft:poppy":1,"minecraft:glass_bottle":1,"delightful:green_tea_leaf":6,"minecraft:birch_sapling":59,"minecraft:egg":2,"minecraft:furnace":1,"minecraft:stick":37,"minecraft:torch":4,"minecraft:porkchop":1,"minecraft:birch_stairs":6,"minecraft:sand":102,"born_in_chaos_v1:fangofthe_hound_leader":2,"minecraft:spruce_sapling":1,"minecraft:white_bed":3,"minecraft:spruce_log":4,"biomesoplenty:maple_sapling":7,"minecraft:stone_sword":1,"minecraft:rotten_flesh":2,"waystones:waystone":2,"minecraft:mutton":6,"minecraft:coal":33,"minecraft:white_wool":4,"minecraft:cobblestone":19},"minecraft:crafted":{"minecraft:cooked_beef":5,"minecraft:wooden_sword":1,"minecraft:cooked_porkchop":1,"minecraft:crafting_table":3,"minecraft:spruce_planks":16,"minecraft:wooden_pickaxe":3,"minecraft:furnace":1,"minecraft:birch_planks":341,"minecraft:stone_axe":2,"minecraft:cooked_mutton":5,"minecraft:air":132,"minecraft:glass":25,"farmersdelight:fried_egg":1,"minecraft:stick":20,"minecraft:stone_pickaxe":1,"minecraft:wooden_axe":1,"minecraft:stone_sword":1,"minecraft:chest":1,"minecraft:white_bed":1,"minecraft:torch":20,"minecraft:birch_stairs":16},"minecraft:broken":{"minecraft:stone_pickaxe":1,"minecraft:stone_sword":1,"minecraft:stone_axe":2},"minecraft:killed_by":{"alexsmobs:skelewag":1,"minecraft:player":4,"born_in_chaos_v1:corpse_fly":1},"minecraft:used":{"minecraft:cooked_mutton":1,"minecraft:stone_sword":125,"minecraft:birch_planks":359,"minecraft:glass_bottle":10,"minecraft:stone_pickaxe":75,"minecraft:poppy":1,"minecraft:chest":1,"minecraft:wooden_pickaxe":21,"minecraft:torch":12,"fishofthieves:earthworms":5,"minecraft:dirt":34,"minecraft:mutton":1,"minecraft:crafting_table":3,"minecraft:white_bed":4,"waystones:waystone":1,"minecraft:birch_door":2,"minecraft:glass":5,"minecraft:spruce_sapling":1,"minecraft:stone_axe":202,"delightful:green_tea_leaf":1,"minecraft:potion":8,"minecraft:beef":2,"minecraft:furnace":2,"minecraft:cooked_porkchop":1,"minecraft:birch_log":4,"minecraft:egg":2,"minecraft:cooked_beef":2,"minecraft:birch_stairs":10,"minecraft:splash_potion":1},"minecraft:mined":{"minecraft:birch_stairs":6,"minecraft:white_bed":2,"minecraft:crafting_table":1,"biomesoplenty:bush":2,"minecraft:grass_block":76,"minecraft:poppy":1,"untamedwilds:block_burrow":1,"minecraft:birch_planks":116,"minecraft:birch_log":130,"minecraft:birch_leaves":1,"minecraft:birch_door":1,"minecraft:grass":6,"minecraft:oak_log":5,"minecraft:coal_ore":33,"evilcraft:blood_stain":1,"minecraft:sand":87,"minecraft:dirt":19,"minecraft:stone":19,"minecraft:fern":1},"minecraft:dropped":{"minecraft:wheat_seeds":3,"minecraft:porkchop":1,"minecraft:cooked_beef":2,"minecraft:stone_sword":1,"minecraft:birch_sapling":10,"minecraft:light_gray_wool":1,"born_in_chaos_v1:monster_flesh":6,"minecraft:dirt":3,"fishofthieves:earthworms":9,"minecraft:torch":2,"farmersdelight:fried_egg":1,"born_in_chaos_v1:fangofthe_hound_leader":2,"minecraft:wooden_axe":1,"minecraft:potion":2,"minecraft:wooden_sword":1,"minecraft:glass":9,"minecraft:beef":5,"minecraft:wooden_pickaxe":3,"minecraft:white_wool":1,"minecraft:bone":2}},"DataVersion":3465}