{"stats":{"minecraft:custom":{"minecraft:mob_kills":61,"minecraft:interact_with_crafting_table":36,"minecraft:damage_dealt_resisted":707,"minecraft:leave_game":1,"minecraft:time_since_death":13377,"minecraft:climb_one_cm":684,"minecraft:sprint_one_cm":837311,"minecraft:walk_one_cm":1157936,"minecraft:drop":111,"vampirism:skills_unlocked":8,"minecraft:play_time":331163,"minecraft:deaths":19,"minecraft:sneak_time":8839,"minecraft:walk_under_water_one_cm":23772,"minecraft:jump":2941,"minecraft:walk_on_water_one_cm":66687,"minecraft:total_world_time":331163,"minecraft:interact_with_furnace":17,"minecraft:sleep_in_bed":8,"minecraft:time_since_rest":13453,"vampirism:resurrected":1,"minecraft:waystone_activated":3,"minecraft:damage_taken":598520,"minecraft:damage_dealt":15673,"minecraft:swim_one_cm":116214,"minecraft:fly_one_cm":256981,"minecraft:player_kills":4,"minecraft:open_chest":34,"minecraft:crouch_one_cm":26318,"minecraft:fall_one_cm":58289},"minecraft:broken":{"minecraft:stone_sword":1,"minecraft:wooden_pickaxe":1,"minecraft:stone_pickaxe":2,"minecraft:stone_axe":2,"minecraft:iron_pickaxe":1},"minecraft:killed":{"vampirism:vampire":4,"born_in_chaos_v1:restless_spirit":1,"born_in_chaos_v1:skeleton_demoman":1,"minecraft:spider":1,"alexsmobs:murmur":1,"born_in_chaos_v1:maggot":1,"minecraft:skeleton":9,"born_in_chaos_v1:dire_hound_leader":1,"minecraft:chicken":2,"born_in_chaos_v1:barrel_zombie":1,"minecraft:pig":2,"born_in_chaos_v1:bone_imp_minion":1,"born_in_chaos_v1:wither_scuttler":1,"minecraft:sheep":8,"born_in_chaos_v1:zombie_fisherman":1,"minecraft:zombie":5,"born_in_chaos_v1:dread_hound":10,"born_in_chaos_v1:corpse_fly":5,"dungeonsweaponry:geomancer":1,"minecraft:player":4,"minecraft:cow":4},"minecraft:used":{"minecraft:moss_block":3,"vampirism:heart_seeker_enhanced":147,"minecraft:stone_sword":197,"born_in_chaos_v1:ethereal_spirit":6,"minecraft:poppy":1,"minecraft:chest":3,"minecraft:netherrack":47,"minecraft:torch":36,"fishofthieves:earthworms":5,"minecraft:dirt":101,"minecraft:mutton":6,"minecraft:birch_door":2,"minecraft:glass":5,"evilcraft:flesh_humanoid":1,"delightful:green_tea_leaf":1,"minecraft:beef":2,"minecraft:furnace":2,"minecraft:egg":2,"minecraft:cooked_beef":3,"minecraft:cobbled_deepslate":29,"minecraft:cooked_mutton":7,"minecraft:birch_planks":360,"minecraft:glass_bottle":61,"minecraft:stone_pickaxe":205,"farmersdelight:golden_knife":11,"minecraft:wooden_pickaxe":51,"minecraft:crafting_table":4,"minecraft:white_bed":8,"waystones:waystone":2,"born_in_chaos_v1:monster_flesh":1,"minecraft:bread":13,"minecraft:string":7,"minecraft:iron_pickaxe":250,"minecraft:gravel":3,"minecraft:spruce_sapling":1,"minecraft:stone_axe":202,"minecraft:potion":57,"minecraft:cooked_porkchop":1,"minecraft:birch_log":10,"minecraft:air":1,"minecraft:splash_potion":1,"minecraft:birch_stairs":10},"minecraft:dropped":{"vampirism:item_garlic":1,"minecraft:iron_ingot":8,"minecraft:birch_planks":2,"minecraft:porkchop":1,"minecraft:wheat_seeds":3,"minecraft:cooked_beef":2,"evilcraft:condensed_blood":25,"minecraft:crafting_table":3,"vampirism:heart_seeker_enhanced":1,"biomesoplenty:maple_sapling":7,"minecraft:glow_berries":13,"minecraft:cobblestone":7,"minecraft:leather":13,"delightful:green_tea_leaf":5,"minecraft:coal":3,"farmersdelight:rice":9,"born_in_chaos_v1:monster_flesh":6,"ars_nouveau:worn_notebook":1,"minecraft:dirt":3,"born_in_chaos_v1:gnawed_bones":3,"minecraft:torch":144,"minecraft:wooden_axe":1,"minecraft:potion":4,"irons_spellbooks:arcane_essence":11,"minecraft:stripped_birch_log":2,"minecraft:wooden_sword":1,"minecraft:birch_log":6,"minecraft:string":33,"minecraft:birch_stairs":12,"minecraft:white_wool":1,"fishofthieves:grubs":2,"minecraft:bone":3,"minecraft:gravel":5,"minecraft:furnace":1,"irons_spellbooks:blank_rune":1,"minecraft:detector_rail":1,"minecraft:iron_nugget":12,"minecraft:stone_sword":2,"minecraft:cobbled_deepslate":215,"vampirism:holy_water_bottle_normal":2,"minecraft:tuff":50,"vampirism:holy_water_bottle_ultimate":1,"minecraft:birch_sapling":93,"born_in_chaos_v1:ethereal_spirit":1,"vampirism:holy_water_bottle_enhanced":2,"minecraft:rotten_flesh":3,"minecraft:light_gray_wool":1,"minecraft:oak_planks":5,"evilcraft:origins_of_darkness":1,"deeperdarker:heart_of_the_deep":1,"minecraft:tipped_arrow":9,"minecraft:shield":1,"minecraft:gunpowder":4,"vampirism:vampire_fang":2,"fishofthieves:earthworms":25,"farmersdelight:fried_egg":1,"minecraft:beetroot_seeds":4,"born_in_chaos_v1:fangofthe_hound_leader":2,"born_in_chaos_v1:corpse_maggot":7,"minecraft:azalea":2,"farmersdelight:rope":15,"doggytalents:rice_grains":1,"minecraft:glass":9,"minecraft:beef":5,"minecraft:wooden_pickaxe":3,"minecraft:netherrack":25},"minecraft:mined":{"minecraft:diamond_ore":2,"minecraft:tuff":56,"minecraft:white_bed":6,"biomesoplenty:bush":2,"minecraft:grass_block":77,"minecraft:moss_block":4,"minecraft:magma_block":1,"minecraft:iron_ore":4,"minecraft:andesite":1,"minecraft:deepslate_iron_ore":11,"minecraft:stone":31,"minecraft:birch_stairs":6,"minecraft:crafting_table":1,"minecraft:torch":2,"minecraft:poppy":1,"minecraft:sculk_sensor":4,"minecraft:mushroom_stem":1,"minecraft:cobblestone":6,"minecraft:deepslate_gold_ore":22,"minecraft:sculk":2,"minecraft:wall_torch":6,"untamedwilds:block_burrow":1,"minecraft:birch_planks":119,"minecraft:birch_log":172,"minecraft:birch_leaves":1,"minecraft:birch_door":1,"minecraft:grass":8,"minecraft:coal_ore":57,"minecraft:oak_log":5,"evilcraft:blood_stain":1,"minecraft:gravel":5,"minecraft:dirt":20,"minecraft:sand":87,"minecraft:cobweb":25,"minecraft:netherrack":33,"minecraft:deepslate":216,"minecraft:oak_leaves":3,"minecraft:fern":1},"minecraft:crafted":{"minecraft:wooden_sword":1,"minecraft:oak_planks":5,"minecraft:furnace":1,"minecraft:cooked_mutton":7,"minecraft:glass":25,"minecraft:stone_pickaxe":2,"minecraft:chest":3,"minecraft:cooked_beef":6,"minecraft:cooked_porkchop":1,"minecraft:crafting_table":3,"minecraft:spruce_planks":16,"minecraft:wooden_pickaxe":4,"minecraft:birch_planks":393,"minecraft:stone_axe":2,"minecraft:air":360,"farmersdelight:fried_egg":1,"minecraft:shield":2,"minecraft:stick":32,"minecraft:iron_ingot":4,"minecraft:iron_pickaxe":1,"minecraft:wooden_axe":1,"minecraft:stone_sword":2,"minecraft:white_bed":1,"minecraft:torch":156,"minecraft:birch_stairs":16},"minecraft:killed_by":{"minecraft:evoker":2,"alexsmobs:skelewag":1,"minecraft:player":6,"minecraft:spider":1,"born_in_chaos_v1:corpse_fly":1,"sons_of_sins:betrayed_guzzler":1,"minecraft:warden":2,"vampirism:vampire":1},"minecraft:picked_up":{"minecraft:chest_minecart":1,"minecraft:crafting_table":5,"minecraft:birch_door":2,"minecraft:splash_potion":1,"minecraft:chicken":1,"minecraft:wooden_pickaxe":2,"minecraft:potion":1,"minecraft:enchanted_book":2,"ars_nouveau:amplify_arrow":22,"vampirism:holy_water_bottle_normal":5,"minecraft:string":44,"vampirism:obi_belt":2,"irons_spellbooks:arcane_essence":11,"minecraft:detector_rail":1,"minecraft:cobbled_deepslate":296,"minecraft:beef":9,"born_in_chaos_v1:gnawed_bones":3,"minecraft:azalea":2,"minecraft:iron_nugget":21,"minecraft:poppy":1,"irons_spellbooks:blank_rune":1,"delightful:green_tea_leaf":6,"minecraft:birch_sapling":75,"minecraft:furnace":2,"minecraft:egg":2,"minecraft:raw_iron":15,"minecraft:stick":40,"minecraft:torch":149,"evilcraft:origins_of_darkness":2,"deeperdarker:heart_of_the_deep":1,"minecraft:porkchop":1,"vampirism:holy_water_bottle_enhanced":2,"vampirism:vampire_fang":4,"vampirism:blood_bottle":1,"minecraft:stone_sword":2,"minecraft:arrow":3,"minecraft:rotten_flesh":4,"minecraft:beetroot_seeds":4,"evilcraft:condensed_blood":25,"farmersdelight:rope":15,"minecraft:totem_of_undying":1,"minecraft:glow_berries":13,"minecraft:mutton":13,"vampirism:heart_seeker_enhanced":2,"minecraft:white_wool":8,"minecraft:cobblestone":31,"minecraft:birch_log":178,"born_in_chaos_v1:corpse_maggot":8,"minecraft:magma_block":2,"vampirism:vampire_blood_bottle":1,"farmersdelight:rice":9,"born_in_chaos_v1:monster_flesh":7,"minecraft:leather":13,"minecraft:filled_map":1,"minecraft:birch_planks":107,"doggytalents:rice_grains":1,"fishofthieves:grubs":2,"minecraft:tuff":50,"minecraft:oak_log":5,"evilcraft:flesh_humanoid":3,"minecraft:gunpowder":4,"minecraft:lapis_lazuli":4,"minecraft:stripped_birch_log":1,"minecraft:dirt":106,"born_in_chaos_v1:monster_skin":3,"minecraft:bone":18,"minecraft:wheat_seeds":2,"minecraft:raw_gold":22,"vampirism:item_garlic":1,"minecraft:iron_ingot":18,"fishofthieves:earthworms":30,"minecraft:glass_bottle":1,"vampirism:holy_water_bottle_ultimate":2,"minecraft:moss_block":3,"minecraft:oak_planks":1,"endrem:lost_eye":1,"deep_dark_regrowth:sculk_remnants":3,"born_in_chaos_v1:ethereal_spirit":1,"vampirism:ring":2,"minecraft:gravel":8,"minecraft:birch_stairs":6,"minecraft:sand":102,"minecraft:spruce_log":4,"minecraft:spruce_sapling":1,"born_in_chaos_v1:fangofthe_hound_leader":2,"minecraft:white_bed":7,"biomesoplenty:maple_sapling":7,"minecraft:diamond":2,"waystones:waystone":2,"minecraft:bread":13,"minecraft:netherrack":72,"minecraft:coal":60}},"DataVersion":3465}