{"stats":{"minecraft:picked_up":{"minecraft:mud":8,"minecraft:crafting_table":5,"minecraft:birch_door":4,"minecraft:splash_potion":1,"minecraft:chicken":1,"minecraft:chest_minecart":1,"minecraft:wooden_pickaxe":2,"minecraft:enchanted_book":2,"minecraft:potion":1,"ars_nouveau:amplify_arrow":22,"vampirism:holy_water_bottle_normal":5,"minecraft:string":44,"born_in_chaos_v1:intoxicating_decoction":2,"vampirism:obi_belt":2,"irons_spellbooks:arcane_essence":11,"minecraft:detector_rail":1,"minecraft:cobbled_deepslate":297,"minecraft:beef":9,"born_in_chaos_v1:gnawed_bones":3,"minecraft:azalea":2,"minecraft:iron_nugget":21,"minecraft:poppy":1,"irons_spellbooks:blank_rune":1,"delightful:green_tea_leaf":13,"minecraft:birch_sapling":101,"minecraft:furnace":2,"minecraft:egg":2,"minecraft:stick":51,"minecraft:raw_iron":15,"minecraft:torch":166,"evilcraft:origins_of_darkness":2,"deeperdarker:heart_of_the_deep":1,"minecraft:porkchop":1,"vampirism:holy_water_bottle_enhanced":2,"vampirism:vampire_fang":6,"born_in_chaos_v1:pieceofdarkmetal":8,"minecraft:stone_sword":2,"vampirism:blood_bottle":1,"minecraft:arrow":3,"minecraft:rotten_flesh":25,"minecraft:beetroot_seeds":4,"farmersdelight:rope":15,"minecraft:totem_of_undying":1,"evilcraft:condensed_blood":25,"minecraft:glow_berries":13,"minecraft:mutton":13,"minecraft:white_wool":9,"vampirism:heart_seeker_enhanced":4,"minecraft:cobblestone":133,"minecraft:birch_log":267,"born_in_chaos_v1:corpse_maggot":12,"minecraft:magma_block":2,"vampirism:vampire_blood_bottle":1,"farmersdelight:rice":9,"born_in_chaos_v1:monster_flesh":9,"minecraft:andesite":2,"minecraft:leather":13,"minecraft:birch_planks":129,"minecraft:filled_map":1,"doggytalents:rice_grains":1,"fishofthieves:grubs":2,"minecraft:tuff":50,"minecraft:oak_log":5,"evilcraft:flesh_humanoid":3,"minecraft:gunpowder":4,"minecraft:lapis_lazuli":4,"minecraft:dirt":931,"minecraft:stripped_birch_log":1,"born_in_chaos_v1:monster_skin":5,"minecraft:bone":26,"minecraft:wheat_seeds":4,"minecraft:raw_gold":22,"vampirism:item_garlic":1,"minecraft:iron_ingot":18,"fishofthieves:earthworms":111,"minecraft:glass_bottle":1,"vampirism:holy_water_bottle_ultimate":2,"minecraft:moss_block":3,"minecraft:oak_planks":1,"endrem:lost_eye":1,"deep_dark_regrowth:sculk_remnants":3,"vampirism:ring":2,"born_in_chaos_v1:ethereal_spirit":3,"minecraft:gravel":11,"minecraft:birch_stairs":6,"minecraft:sand":102,"minecraft:spruce_sapling":1,"born_in_chaos_v1:fangofthe_hound_leader":2,"minecraft:white_bed":7,"minecraft:spruce_log":4,"biomesoplenty:maple_sapling":7,"minecraft:diamond":2,"waystones:waystone":2,"minecraft:bread":13,"minecraft:netherrack":72,"minecraft:coal":60,"minecraft:charcoal":2},"minecraft:killed_by":{"minecraft:evoker":2,"alexsmobs:skelewag":1,"born_in_chaos_v1:baby_skeleton_2":1,"minecraft:player":6,"minecraft:spider":1,"born_in_chaos_v1:corpse_fly":1,"sons_of_sins:betrayed_guzzler":1,"minecraft:warden":2,"vampirism:vampire":1},"minecraft:broken":{"minecraft:wooden_shovel":2,"minecraft:stone_sword":1,"minecraft:wooden_pickaxe":1,"minecraft:stone_pickaxe":2,"minecraft:stone_axe":2,"minecraft:iron_pickaxe":2},"minecraft:killed":{"vampirism:vampire":4,"born_in_chaos_v1:restless_spirit":3,"born_in_chaos_v1:skeleton_demoman":1,"dungeonsweaponry:enchanter":1,"minecraft:spider":2,"alexsmobs:murmur":1,"born_in_chaos_v1:zombie_bruiser":1,"born_in_chaos_v1:maggot":8,"minecraft:skeleton":9,"born_in_chaos_v1:dire_hound_leader":1,"minecraft:chicken":2,"born_in_chaos_v1:barrel_zombie":1,"minecraft:pig":2,"born_in_chaos_v1:bone_imp_minion":1,"born_in_chaos_v1:baby_skeleton":2,"born_in_chaos_v1:swarmer":1,"born_in_chaos_v1:wither_scuttler":1,"born_in_chaos_v1:decrepit_skeleton":5,"minecraft:sheep":9,"born_in_chaos_v1:zombie_fisherman":1,"minecraft:zombie":9,"born_in_chaos_v1:dread_hound":11,"born_in_chaos_v1:corpse_fly":10,"born_in_chaos_v1:dark_vortex":2,"dungeonsweaponry:geomancer":1,"born_in_chaos_v1:door_knight":1,"minecraft:player":4,"minecraft:cow":4,"born_in_chaos_v1:zombie_clown":1},"minecraft:crafted":{"vampiresneedumbrellas:iron_umbrella_rod":2,"minecraft:wooden_sword":1,"minecraft:oak_planks":5,"minecraft:furnace":1,"minecraft:white_carpet":3,"minecraft:cooked_mutton":7,"minecraft:glass":25,"minecraft:stone_pickaxe":2,"minecraft:chest":3,"minecraft:cooked_beef":6,"minecraft:wooden_shovel":5,"minecraft:cooked_porkchop":1,"minecraft:crafting_table":3,"minecraft:spruce_planks":16,"minecraft:wooden_pickaxe":6,"vampiresneedumbrellas:white_iron_umbrella":1,"minecraft:birch_planks":482,"minecraft:stone_axe":2,"minecraft:air":716,"farmersdelight:fried_egg":1,"minecraft:shield":2,"minecraft:stick":32,"minecraft:iron_ingot":4,"minecraft:iron_pickaxe":2,"minecraft:wooden_axe":1,"minecraft:stone_sword":2,"minecraft:white_bed":1,"minecraft:torch":156,"minecraft:birch_stairs":24},"minecraft:used":{"minecraft:moss_block":3,"minecraft:stone_sword":197,"vampirism:heart_seeker_enhanced":314,"born_in_chaos_v1:ethereal_spirit":6,"minecraft:poppy":1,"born_in_chaos_v1:intoxicating_decoction":1,"minecraft:chest":3,"minecraft:wooden_shovel":118,"minecraft:netherrack":47,"minecraft:torch":54,"fishofthieves:earthworms":5,"minecraft:dirt":170,"minecraft:mutton":6,"born_in_chaos_v1:corpse_maggot":1,"minecraft:birch_door":4,"minecraft:glass":5,"minecraft:birch_sapling":11,"evilcraft:flesh_humanoid":1,"delightful:green_tea_leaf":1,"minecraft:beef":2,"minecraft:furnace":2,"minecraft:egg":2,"minecraft:cooked_beef":3,"minecraft:cobbled_deepslate":30,"minecraft:cooked_mutton":10,"minecraft:birch_planks":637,"minecraft:glass_bottle":61,"minecraft:stone_pickaxe":205,"farmersdelight:golden_knife":11,"minecraft:wooden_pickaxe":85,"minecraft:crafting_table":4,"minecraft:white_bed":8,"minecraft:mud":3,"waystones:waystone":2,"born_in_chaos_v1:monster_flesh":1,"minecraft:bread":13,"minecraft:string":7,"minecraft:iron_pickaxe":494,"minecraft:spruce_sapling":1,"minecraft:gravel":6,"minecraft:stone_axe":202,"minecraft:cobblestone":73,"minecraft:potion":58,"minecraft:cooked_porkchop":1,"minecraft:birch_log":10,"minecraft:air":1,"minecraft:splash_potion":1,"minecraft:birch_stairs":14},"minecraft:custom":{"minecraft:mob_kills":97,"minecraft:interact_with_crafting_table":50,"minecraft:damage_dealt_resisted":1866,"minecraft:leave_game":1,"minecraft:time_since_death":74863,"minecraft:climb_one_cm":684,"minecraft:sprint_one_cm":1085082,"minecraft:walk_one_cm":1490636,"minecraft:drop":205,"vampirism:skills_unlocked":10,"minecraft:play_time":458222,"minecraft:deaths":21,"minecraft:sneak_time":9223,"minecraft:walk_under_water_one_cm":28230,"minecraft:jump":3508,"minecraft:walk_on_water_one_cm":69247,"minecraft:total_world_time":458222,"minecraft:interact_with_furnace":17,"minecraft:sleep_in_bed":8,"minecraft:time_since_rest":74889,"vampirism:resurrected":2,"minecraft:waystone_activated":4,"minecraft:damage_taken":698352,"minecraft:damage_dealt":22830,"minecraft:swim_one_cm":169043,"minecraft:fly_one_cm":334664,"minecraft:player_kills":4,"minecraft:open_chest":60,"minecraft:crouch_one_cm":26861,"minecraft:fall_one_cm":72764},"minecraft:mined":{"minecraft:diamond_ore":2,"minecraft:tuff":56,"minecraft:white_bed":6,"biomesoplenty:bush":2,"minecraft:grass_block":277,"minecraft:moss_block":4,"minecraft:magma_block":1,"minecraft:cobbled_deepslate":1,"minecraft:iron_ore":4,"minecraft:andesite":3,"minecraft:deepslate_iron_ore":11,"minecraft:stone":124,"minecraft:birch_stairs":6,"minecraft:crafting_table":1,"minecraft:torch":2,"minecraft:poppy":1,"minecraft:campfire":1,"minecraft:sculk_sensor":4,"minecraft:mushroom_stem":1,"minecraft:cobblestone":15,"minecraft:deepslate_gold_ore":22,"minecraft:sculk":2,"minecraft:wall_torch":14,"untamedwilds:block_burrow":1,"minecraft:birch_planks":142,"minecraft:mud":3,"minecraft:birch_log":261,"minecraft:birch_leaves":8,"minecraft:birch_door":1,"minecraft:grass":9,"minecraft:oak_log":5,"minecraft:coal_ore":57,"evilcraft:blood_stain":2,"minecraft:gravel":8,"minecraft:sand":87,"minecraft:dirt":658,"minecraft:cobweb":25,"minecraft:netherrack":33,"minecraft:oak_leaves":3,"minecraft:deepslate":216,"minecraft:fern":1},"minecraft:dropped":{"vampirism:item_garlic":1,"minecraft:iron_ingot":8,"minecraft:birch_planks":3,"minecraft:porkchop":1,"minecraft:wheat_seeds":5,"minecraft:cooked_beef":2,"evilcraft:condensed_blood":25,"minecraft:crafting_table":3,"vampirism:heart_seeker_enhanced":3,"biomesoplenty:maple_sapling":7,"minecraft:glow_berries":13,"minecraft:cobblestone":7,"delightful:green_tea_leaf":5,"minecraft:leather":13,"born_in_chaos_v1:pieceofdarkmetal":4,"minecraft:coal":3,"farmersdelight:rice":9,"born_in_chaos_v1:monster_flesh":8,"born_in_chaos_v1:gnawed_bones":3,"minecraft:dirt":4,"ars_nouveau:worn_notebook":1,"born_in_chaos_v1:monster_skin":2,"minecraft:torch":144,"minecraft:wooden_axe":1,"minecraft:potion":4,"irons_spellbooks:arcane_essence":11,"minecraft:stripped_birch_log":2,"minecraft:wooden_sword":1,"minecraft:mud":5,"fishofthieves:grubs":2,"minecraft:string":37,"minecraft:birch_log":6,"minecraft:birch_stairs":12,"minecraft:white_wool":1,"minecraft:bone":4,"minecraft:gravel":5,"minecraft:furnace":1,"irons_spellbooks:blank_rune":1,"minecraft:iron_nugget":12,"minecraft:detector_rail":1,"minecraft:stone_sword":2,"minecraft:cobbled_deepslate":215,"vampirism:holy_water_bottle_normal":2,"minecraft:tuff":50,"vampirism:holy_water_bottle_ultimate":1,"minecraft:birch_sapling":93,"born_in_chaos_v1:ethereal_spirit":3,"vampirism:holy_water_bottle_enhanced":2,"minecraft:rotten_flesh":24,"minecraft:light_gray_wool":1,"minecraft:oak_planks":5,"evilcraft:origins_of_darkness":1,"deeperdarker:heart_of_the_deep":1,"minecraft:tipped_arrow":9,"minecraft:shield":1,"farmersdelight:fried_egg":1,"minecraft:gunpowder":4,"fishofthieves:earthworms":90,"vampirism:vampire_fang":2,"minecraft:beetroot_seeds":4,"born_in_chaos_v1:fangofthe_hound_leader":2,"born_in_chaos_v1:corpse_maggot":10,"minecraft:azalea":2,"farmersdelight:rope":15,"doggytalents:rice_grains":1,"minecraft:glass":9,"minecraft:beef":5,"minecraft:wooden_pickaxe":3,"minecraft:netherrack":25}},"DataVersion":3465}