{"stats":{"minecraft:killed_by":{"jujutsucraft:cursed_spirit_grade_01":6,"jujutsucraft:cursed_spirit_grade_08":1,"jujutsucraft:sukuna_perfect":5,"minecraft:player":5,"jujutsucraft:cursed_spirit_grade_16":1,"jujutsucraft:cursed_spirit_grade_317":2,"jujutsucraft:cursed_spirit_grade_318":1},"minecraft:dropped":{"jujutsucraft:blazing_courage":1,"jujutsucraft:mei_mei_axe":1},"minecraft:picked_up":{"jujutsucraft:blindfold_bandage_helmet":2,"minecraft:stick":4,"jujutsucraft:blazing_courage":1,"jujutsucraft:uniform_gojo_boots":1,"jujutsucraft:item_insect":1,"minecraft:salmon":2,"jujutsucraft:in_barrier":1,"jujutsucraft:uniform_normal_boots":4,"jujutsucraft:clothes_geto_boots":2,"jujutsucraft:cursed_technique_changer":1,"jujutsucraft:uniform_gojo_leggings":1,"jujutsucraft:uniform_normal_chestplate":4,"minecraft:spruce_sapling":1,"jujutsucraft:uniform_gojo_chestplate":1,"jujutsucraft:clothes_geto_leggings":1,"minecraft:grass_block":1,"jujutsucraft:clothes_geto_helmet":1,"jujutsucraft:uniform_normal_leggings":2,"minecraft:snow":1,"jujutsucraft:mei_mei_axe":1,"jujutsucraft:copied_cursed_technique":1},"minecraft:custom":{"minecraft:time_since_rest":83,"minecraft:sprint_one_cm":45872,"minecraft:damage_taken":9174,"minecraft:walk_one_cm":105555,"minecraft:mob_kills":1,"minecraft:drop":2,"minecraft:damage_dealt":11,"minecraft:swim_one_cm":6973,"minecraft:fly_one_cm":280787,"minecraft:player_kills":1,"minecraft:crouch_one_cm":3223,"minecraft:play_time":19621,"minecraft:deaths":25,"minecraft:sneak_time":462,"minecraft:walk_under_water_one_cm":8835,"minecraft:jump":171,"minecraft:damage_dealt_resisted":68,"minecraft:leave_game":1,"minecraft:time_since_death":53,"minecraft:walk_on_water_one_cm":6280,"minecraft:total_world_time":19621,"minecraft:damage_resisted":195,"minecraft:fall_one_cm":21401},"minecraft:used":{"jujutsucraft:clothes_geto_helmet":1,"jujutsucraft:clothes_geto_boots":1,"jujutsucraft:uniform_normal_boots":1,"jujutsucraft:blindfold_bandage_helmet":1,"jujutsucraft:uniform_gojo_leggings":1,"jujutsucraft:uniform_gojo_boots":1,"jujutsucraft:uniform_normal_leggings":2,"jujutsucraft:clothes_geto_leggings":1,"jujutsucraft:uniform_normal_chestplate":1,"jujutsucraft:uniform_gojo_chestplate":1},"minecraft:killed":{"jujutsucraft:cursed_spirit_grade_314":1},"minecraft:mined":{"minecraft:spruce_log":1}},"DataVersion":3465}