{"stats":{"minecraft:picked_up":{"minecraft:bread":18,"minecraft:dirt":5},"minecraft:used":{"minecraft:dirt":3},"minecraft:mined":{"minecraft:large_fern":2,"minecraft:grass_block":5,"minecraft:kelp_plant":3,"minecraft:kelp":1},"minecraft:killed":{"minecraft:enderman":1},"minecraft:killed_by":{"hordes:zombie_player":1,"minecraft:zombie":1,"minecraft:player":1,"minecraft:enderman":1},"minecraft:custom":{"minecraft:time_since_rest":7968,"minecraft:crouch_one_cm":1047,"minecraft:sprint_one_cm":27829,"minecraft:play_time":24355,"minecraft:damage_taken":1127,"minecraft:deaths":5,"minecraft:walk_one_cm":28977,"minecraft:sneak_time":1467,"minecraft:walk_under_water_one_cm":2696,"minecraft:mob_kills":1,"minecraft:jump":72,"minecraft:damage_dealt":450,"minecraft:leave_game":1,"minecraft:walk_on_water_one_cm":3013,"minecraft:time_since_death":7942,"minecraft:total_world_time":24355,"minecraft:swim_one_cm":22295,"minecraft:fall_one_cm":8076,"minecraft:fly_one_cm":4560}},"DataVersion":3465}