{"stats":{"minecraft:killed_by":{"alexsmobs:skelewag":1,"born_in_chaos_v1:baby_skeleton_2":1,"minecraft:player":7,"minecraft:spider":1,"born_in_chaos_v1:corpse_fly":1,"sons_of_sins:betrayed_guzzler":1,"minecraft:warden":2,"minecraft:skeleton":1,"vampirism:vampire":1,"minecraft:evoker":2},"minecraft:killed":{"born_in_chaos_v1:zombie_clown":1,"vampirism:vampire":5,"born_in_chaos_v1:restless_spirit":4,"born_in_chaos_v1:skeleton_demoman":1,"minecraft:spider":2,"dungeonsweaponry:enchanter":1,"alexsmobs:murmur":1,"born_in_chaos_v1:zombie_bruiser":1,"born_in_chaos_v1:scarlet_persecutor":3,"born_in_chaos_v1:maggot":18,"minecraft:skeleton":10,"born_in_chaos_v1:dire_hound_leader":1,"minecraft:chicken":3,"born_in_chaos_v1:baby_skeleton_2":1,"born_in_chaos_v1:barrel_zombie":1,"born_in_chaos_v1:fallen_chaos_knight":1,"minecraft:pig":3,"born_in_chaos_v1:bone_imp_minion":1,"born_in_chaos_v1:baby_skeleton":2,"born_in_chaos_v1:swarmer":2,"born_in_chaos_v1:wither_scuttler":1,"born_in_chaos_v1:decrepit_skeleton":5,"minecraft:sheep":10,"born_in_chaos_v1:zombie_fisherman":1,"minecraft:zombie":12,"born_in_chaos_v1:dread_hound":11,"born_in_chaos_v1:corpse_fly":16,"born_in_chaos_v1:dark_vortex":2,"dungeonsweaponry:geomancer":1,"alexsmobs:fly":1,"born_in_chaos_v1:door_knight":2,"minecraft:player":6,"minecraft:cow":4},"minecraft:custom":{"minecraft:mob_kills":130,"minecraft:interact_with_crafting_table":58,"minecraft:damage_dealt_resisted":3370,"minecraft:leave_game":2,"minecraft:time_since_death":0,"minecraft:climb_one_cm":684,"minecraft:sprint_one_cm":1342175,"minecraft:walk_one_cm":1825665,"minecraft:drop":229,"vampirism:skills_unlocked":15,"minecraft:play_time":597307,"minecraft:deaths":27,"minecraft:sneak_time":10175,"minecraft:walk_under_water_one_cm":36323,"minecraft:jump":4245,"minecraft:walk_on_water_one_cm":75076,"minecraft:total_world_time":597307,"minecraft:interact_with_furnace":17,"minecraft:sleep_in_bed":8,"minecraft:time_since_rest":0,"vampirism:resurrected":5,"minecraft:waystone_activated":4,"minecraft:damage_taken":1191633,"minecraft:damage_dealt":28587,"minecraft:swim_one_cm":231608,"minecraft:fly_one_cm":401731,"minecraft:player_kills":7,"minecraft:open_chest":87,"minecraft:crouch_one_cm":28721,"minecraft:fall_one_cm":91923},"minecraft:picked_up":{"minecraft:mud":8,"minecraft:charcoal":2,"minecraft:birch_door":4,"minecraft:crafting_table":5,"minecraft:splash_potion":1,"minecraft:chicken":3,"minecraft:chest_minecart":1,"minecraft:wooden_pickaxe":3,"minecraft:potion":1,"minecraft:enchanted_book":2,"vampirism:holy_water_bottle_normal":5,"ars_nouveau:amplify_arrow":22,"minecraft:string":44,"born_in_chaos_v1:intoxicating_decoction":2,"minecraft:birch_fence":1,"vampirism:obi_belt":2,"irons_spellbooks:arcane_essence":11,"minecraft:detector_rail":1,"minecraft:cobbled_deepslate":297,"minecraft:bucket":1,"minecraft:beef":9,"born_in_chaos_v1:gnawed_bones":3,"minecraft:azalea":2,"minecraft:iron_nugget":21,"minecraft:poppy":1,"irons_spellbooks:blank_rune":1,"delightful:green_tea_leaf":15,"minecraft:birch_sapling":161,"minecraft:egg":4,"minecraft:furnace":2,"minecraft:stick":67,"minecraft:raw_iron":15,"minecraft:torch":178,"evilcraft:origins_of_darkness":2,"deeperdarker:heart_of_the_deep":1,"minecraft:porkchop":3,"vampirism:holy_water_bottle_enhanced":2,"vampirism:vampire_fang":7,"born_in_chaos_v1:pieceofdarkmetal":8,"vampirism:blood_bottle":1,"minecraft:stone_sword":2,"minecraft:arrow":6,"minecraft:rotten_flesh":33,"minecraft:beetroot_seeds":4,"farmersdelight:rope":15,"minecraft:totem_of_undying":1,"evilcraft:condensed_blood":25,"minecraft:glow_berries":13,"minecraft:mutton":15,"vampirism:heart_seeker_enhanced":4,"minecraft:white_wool":10,"minecraft:cobblestone":200,"minecraft:birch_log":335,"born_in_chaos_v1:corpse_maggot":20,"minecraft:magma_block":2,"minecraft:feather":1,"vampirism:vampire_blood_bottle":1,"farmersdelight:rice":9,"born_in_chaos_v1:monster_flesh":9,"minecraft:flint":1,"minecraft:andesite":2,"minecraft:leather":13,"minecraft:filled_map":1,"doggytalents:rice_grains":1,"minecraft:birch_planks":145,"fishofthieves:grubs":2,"minecraft:tuff":50,"minecraft:oak_log":5,"evilcraft:flesh_humanoid":3,"minecraft:gunpowder":4,"minecraft:lapis_lazuli":4,"minecraft:stripped_birch_log":1,"minecraft:dirt":1112,"born_in_chaos_v1:monster_skin":5,"minecraft:bone":30,"minecraft:wheat_seeds":4,"minecraft:raw_gold":22,"vampirism:item_garlic":1,"minecraft:iron_ingot":18,"fishofthieves:earthworms":134,"minecraft:glass_bottle":2,"vampirism:holy_water_bottle_ultimate":2,"minecraft:moss_block":4,"minecraft:oak_planks":1,"endrem:lost_eye":3,"deep_dark_regrowth:sculk_remnants":3,"vampirism:ring":2,"born_in_chaos_v1:ethereal_spirit":6,"minecraft:gravel":13,"minecraft:birch_stairs":6,"minecraft:sand":102,"minecraft:spruce_sapling":1,"born_in_chaos_v1:fangofthe_hound_leader":2,"minecraft:white_bed":7,"minecraft:spruce_log":4,"vampiresneedumbrellas:white_iron_umbrella":1,"biomesoplenty:maple_sapling":7,"minecraft:slime_ball":2,"minecraft:diamond":2,"waystones:waystone":2,"minecraft:bread":13,"minecraft:netherrack":72,"minecraft:coal":60},"minecraft:broken":{"minecraft:wooden_shovel":2,"minecraft:stone_sword":1,"minecraft:wooden_pickaxe":3,"minecraft:stone_pickaxe":2,"minecraft:stone_axe":2,"minecraft:iron_pickaxe":2},"minecraft:crafted":{"minecraft:wooden_sword":1,"minecraft:oak_planks":5,"vampiresneedumbrellas:iron_umbrella_rod":2,"minecraft:furnace":1,"minecraft:white_carpet":3,"minecraft:cooked_mutton":7,"minecraft:glass":25,"minecraft:stone_pickaxe":2,"minecraft:chest":3,"minecraft:cooked_beef":6,"minecraft:wooden_shovel":5,"minecraft:cooked_porkchop":1,"minecraft:crafting_table":3,"minecraft:spruce_planks":16,"minecraft:wooden_pickaxe":6,"vampiresneedumbrellas:white_iron_umbrella":1,"minecraft:birch_planks":530,"minecraft:stone_axe":2,"minecraft:air":908,"farmersdelight:fried_egg":1,"minecraft:shield":2,"minecraft:birch_fence":24,"minecraft:stick":32,"minecraft:iron_pickaxe":2,"minecraft:iron_ingot":4,"minecraft:wooden_axe":1,"minecraft:stone_sword":2,"minecraft:white_bed":1,"minecraft:torch":156,"minecraft:birch_stairs":24},"minecraft:mined":{"minecraft:diamond_ore":2,"minecraft:tuff":56,"minecraft:white_bed":6,"biomesoplenty:bush":2,"minecraft:grass_block":387,"minecraft:moss_block":5,"minecraft:magma_block":1,"minecraft:iron_ore":4,"minecraft:cobbled_deepslate":1,"minecraft:andesite":3,"minecraft:deepslate_iron_ore":11,"minecraft:stone":132,"minecraft:birch_stairs":6,"minecraft:crafting_table":1,"minecraft:torch":9,"minecraft:poppy":1,"minecraft:sculk_sensor":4,"minecraft:campfire":1,"minecraft:mushroom_stem":1,"minecraft:cobblestone":74,"minecraft:deepslate_gold_ore":22,"minecraft:sculk":2,"minecraft:wall_torch":18,"untamedwilds:block_burrow":1,"minecraft:birch_planks":157,"minecraft:mud":3,"minecraft:birch_log":333,"minecraft:birch_leaves":8,"minecraft:birch_door":1,"minecraft:grass":10,"minecraft:coal_ore":57,"minecraft:oak_log":5,"evilcraft:blood_stain":2,"minecraft:gravel":11,"minecraft:sand":87,"minecraft:dirt":752,"minecraft:cobweb":25,"minecraft:netherrack":33,"minecraft:birch_fence":1,"minecraft:oak_leaves":3,"minecraft:deepslate":216,"minecraft:fern":1},"minecraft:used":{"minecraft:moss_block":4,"minecraft:stone_sword":197,"vampirism:heart_seeker_enhanced":461,"born_in_chaos_v1:ethereal_spirit":6,"minecraft:poppy":1,"born_in_chaos_v1:intoxicating_decoction":1,"minecraft:chest":3,"minecraft:wooden_shovel":168,"endrem:lost_eye":2,"minecraft:netherrack":47,"minecraft:torch":69,"fishofthieves:earthworms":5,"minecraft:dirt":189,"minecraft:mutton":6,"minecraft:birch_door":4,"minecraft:glass":5,"born_in_chaos_v1:corpse_maggot":1,"minecraft:birch_sapling":11,"evilcraft:flesh_humanoid":1,"delightful:green_tea_leaf":1,"minecraft:beef":2,"minecraft:furnace":2,"minecraft:egg":2,"minecraft:cooked_beef":3,"minecraft:cobbled_deepslate":30,"minecraft:water_bucket":7,"minecraft:cooked_mutton":10,"minecraft:stripped_birch_log":1,"minecraft:birch_planks":891,"minecraft:glass_bottle":62,"minecraft:stone_pickaxe":205,"farmersdelight:golden_knife":11,"minecraft:wooden_pickaxe":161,"minecraft:crafting_table":4,"minecraft:white_bed":8,"minecraft:birch_fence":20,"waystones:waystone":2,"minecraft:mud":3,"born_in_chaos_v1:monster_flesh":1,"minecraft:bread":13,"minecraft:string":7,"minecraft:iron_pickaxe":494,"minecraft:spruce_sapling":1,"minecraft:gravel":6,"minecraft:stone_axe":202,"minecraft:potion":59,"minecraft:cobblestone":145,"minecraft:cooked_porkchop":1,"minecraft:bucket":8,"minecraft:birch_log":13,"minecraft:air":1,"minecraft:splash_potion":1,"minecraft:birch_stairs":14},"minecraft:dropped":{"vampirism:item_garlic":1,"minecraft:porkchop":1,"minecraft:iron_ingot":8,"minecraft:wheat_seeds":5,"minecraft:cooked_beef":2,"evilcraft:condensed_blood":25,"minecraft:crafting_table":3,"vampirism:heart_seeker_enhanced":4,"biomesoplenty:maple_sapling":7,"minecraft:glow_berries":13,"minecraft:cobblestone":7,"delightful:green_tea_leaf":5,"minecraft:leather":13,"endrem:lost_eye":1,"born_in_chaos_v1:pieceofdarkmetal":4,"minecraft:coal":3,"farmersdelight:rice":9,"born_in_chaos_v1:monster_flesh":8,"born_in_chaos_v1:gnawed_bones":3,"minecraft:dirt":17,"ars_nouveau:worn_notebook":1,"born_in_chaos_v1:monster_skin":2,"minecraft:torch":145,"minecraft:wooden_axe":1,"minecraft:potion":4,"irons_spellbooks:arcane_essence":11,"minecraft:stripped_birch_log":2,"minecraft:wooden_sword":1,"minecraft:mud":5,"fishofthieves:grubs":2,"minecraft:string":37,"minecraft:birch_log":7,"minecraft:birch_stairs":12,"minecraft:white_wool":1,"minecraft:bone":4,"minecraft:gravel":7,"minecraft:furnace":1,"irons_spellbooks:blank_rune":1,"minecraft:iron_nugget":12,"minecraft:detector_rail":1,"minecraft:stone_sword":2,"minecraft:cobbled_deepslate":215,"vampirism:holy_water_bottle_normal":2,"minecraft:tuff":50,"vampirism:holy_water_bottle_ultimate":1,"minecraft:birch_sapling":129,"born_in_chaos_v1:ethereal_spirit":3,"vampirism:holy_water_bottle_enhanced":2,"minecraft:rotten_flesh":24,"minecraft:light_gray_wool":1,"minecraft:oak_planks":5,"evilcraft:origins_of_darkness":1,"deeperdarker:heart_of_the_deep":1,"minecraft:tipped_arrow":9,"farmersdelight:fried_egg":1,"minecraft:shield":1,"minecraft:gunpowder":4,"fishofthieves:earthworms":91,"vampirism:vampire_fang":2,"minecraft:beetroot_seeds":4,"born_in_chaos_v1:fangofthe_hound_leader":2,"born_in_chaos_v1:corpse_maggot":10,"minecraft:azalea":2,"farmersdelight:rope":15,"doggytalents:rice_grains":1,"minecraft:glass":9,"minecraft:beef":5,"minecraft:wooden_pickaxe":4,"born_in_chaos_v1:intoxicating_decoction":1,"minecraft:netherrack":25,"minecraft:birch_planks":4}},"DataVersion":3465}