{"stats":{"minecraft:custom":{"minecraft:mob_kills":34,"minecraft:interact_with_crafting_table":25,"minecraft:damage_dealt_resisted":1329,"minecraft:leave_game":3,"minecraft:time_since_death":655,"minecraft:climb_one_cm":263,"minecraft:sprint_one_cm":796275,"minecraft:walk_one_cm":1085267,"minecraft:damage_blocked_by_shield":886,"minecraft:drop":236,"minecraft:play_time":298429,"minecraft:deaths":28,"minecraft:sneak_time":12800,"minecraft:walk_under_water_one_cm":20129,"minecraft:jump":2509,"minecraft:walk_on_water_one_cm":25382,"minecraft:total_world_time":298429,"minecraft:interact_with_furnace":31,"minecraft:sleep_in_bed":9,"minecraft:time_since_rest":689,"minecraft:waystone_activated":2,"minecraft:damage_taken":9566,"minecraft:damage_dealt":7897,"minecraft:swim_one_cm":46687,"minecraft:fly_one_cm":172621,"minecraft:player_kills":5,"minecraft:open_chest":29,"minecraft:crouch_one_cm":35518,"minecraft:fall_one_cm":68978},"minecraft:broken":{"minecraft:stone_sword":1,"minecraft:wooden_pickaxe":2,"minecraft:iron_pickaxe":1,"minecraft:wooden_axe":1},"minecraft:killed":{"vampirism:vampire":2,"minecraft:spider":1,"fishofthieves:pondie":1,"minecraft:chicken":2,"born_in_chaos_v1:baby_skeleton_2":1,"minecraft:warden":1,"minecraft:pig":6,"born_in_chaos_v1:baby_skeleton":1,"minecraft:sheep":11,"born_in_chaos_v1:dread_hound":2,"born_in_chaos_v1:corpse_fly":3,"born_in_chaos_v1:door_knight":1,"minecraft:player":5,"minecraft:cow":1},"minecraft:dropped":{"minecraft:iron_ingot":6,"minecraft:bread":5,"minecraft:moss_block":1,"minecraft:glass_bottle":1,"evilcraft:condensed_blood":13,"minecraft:crafting_table":1,"vampirism:heart_seeker_enhanced":3,"biomesoplenty:maple_sapling":2,"deeperdarker:warden_carapace":3,"minecraft:chest_minecart":5,"delightful:green_tea_leaf":3,"endrem:lost_eye":1,"minecraft:activator_rail":4,"minecraft:golden_apple":1,"minecraft:stick":2,"minecraft:cobweb":5,"ars_nouveau:worn_notebook":2,"minecraft:dirt":42,"born_in_chaos_v1:gnawed_bones":1,"minecraft:diorite":2,"minecraft:torch":1,"minecraft:sculk_catalyst":1,"irons_spellbooks:arcane_essence":3,"minecraft:wooden_sword":5,"irons_spellbooks:common_ink":1,"minecraft:sand":18,"vampirism:ring":1,"minecraft:string":57,"minecraft:bone":7,"minecraft:birch_stairs":46,"minecraft:redstone":18,"ars_nouveau:source_gem":4,"minecraft:gold_ingot":4,"minecraft:gravel":26,"minecraft:furnace":3,"deep_dark_regrowth:soul_of_the_depths":1,"minecraft:iron_nugget":6,"minecraft:cobbled_deepslate":111,"vampirism:holy_water_bottle_normal":2,"minecraft:birch_sapling":7,"born_in_chaos_v1:ethereal_spirit":2,"born_in_chaos_v1:smoked_monster_flesh":1,"minecraft:rotten_flesh":12,"minecraft:oak_planks":5,"deeperdarker:heart_of_the_deep":1,"evilcraft:flesh_humanoid":2,"minecraft:pumpkin_seeds":7,"deep_dark_regrowth:sculk_remnants":2,"fishofthieves:earthworms":3,"minecraft:andesite":4,"minecraft:chest":2,"minecraft:azalea":2,"minecraft:spider_eye":6,"minecraft:arrow":1,"minecraft:wooden_pickaxe":2,"ars_nouveau:amplify_arrow":22,"deep_dark_regrowth:mossy_fluorite":6,"farmersdelight:tomato_seeds":2,"vampirism:item_garlic":7},"minecraft:used":{"minecraft:moss_block":3,"minecraft:stone_sword":25,"born_in_chaos_v1:ethereal_spirit":4,"minecraft:chest":5,"minecraft:shield":42,"minecraft:rotten_flesh":5,"minecraft:torch":22,"minecraft:dirt":24,"fishofthieves:earthworms":2,"minecraft:mutton":5,"minecraft:tuff":20,"minecraft:birch_door":6,"minecraft:glass":57,"minecraft:wooden_axe":52,"alexsmobs:maggot":2,"evilcraft:flesh_humanoid":2,"delightful:green_tea_leaf":9,"minecraft:beef":2,"ars_nouveau:sourceberry_bush":8,"minecraft:egg":2,"minecraft:cooked_beef":1,"farmersdelight:fried_egg":3,"minecraft:cooked_mutton":1,"minecraft:birch_planks":136,"minecraft:stripped_birch_log":1,"minecraft:glass_bottle":21,"minecraft:powered_rail":1,"minecraft:wooden_pickaxe":159,"minecraft:white_wool":1,"minecraft:glow_berries":3,"minecraft:crafting_table":1,"minecraft:white_bed":9,"waystones:waystone":1,"minecraft:apple":2,"born_in_chaos_v1:monster_flesh":2,"minecraft:chicken":2,"minecraft:bread":11,"minecraft:iron_pickaxe":210,"minecraft:gravel":23,"minecraft:wooden_sword":159,"minecraft:cobblestone":27,"minecraft:potion":25,"minecraft:porkchop":2,"minecraft:cooked_porkchop":1,"minecraft:birch_log":13,"minecraft:chest_minecart":3,"minecraft:air":1,"minecraft:birch_stairs":2,"minecraft:cobweb":1},"minecraft:mined":{"minecraft:tuff":17,"minecraft:white_bed":9,"minecraft:sculk_vein":5,"minecraft:stripped_birch_log":2,"minecraft:grass_block":38,"minecraft:magma_block":4,"realmrpg_skeletons:arrow_skeleton":1,"minecraft:stone":90,"minecraft:cake":1,"minecraft:torch":1,"minecraft:chest":2,"minecraft:sculk_sensor":2,"minecraft:stone_slab":1,"minecraft:glass":1,"minecraft:sculk":158,"minecraft:wall_torch":9,"minecraft:birch_planks":28,"minecraft:birch_log":71,"minecraft:birch_leaves":10,"biomesoplenty:maple_leaves":1,"minecraft:birch_door":3,"minecraft:grass":6,"minecraft:coal_ore":1,"minecraft:gravel":9,"minecraft:dirt":20,"minecraft:cracked_stone_bricks":1,"minecraft:stone_bricks":1,"minecraft:netherrack":16,"minecraft:oak_leaves":5,"minecraft:deepslate":22},"minecraft:crafted":{"minecraft:wooden_sword":3,"minecraft:cooked_mutton":4,"minecraft:glass":59,"minecraft:stone_pickaxe":1,"minecraft:chest":4,"minecraft:birch_door":3,"minecraft:glass_bottle":6,"minecraft:cooked_porkchop":6,"minecraft:crafting_table":1,"minecraft:wooden_pickaxe":2,"minecraft:birch_planks":200,"minecraft:stone_axe":1,"minecraft:air":48,"farmersdelight:fried_egg":2,"minecraft:stick":104,"minecraft:wooden_axe":3,"minecraft:stone_sword":1,"minecraft:white_bed":1},"minecraft:killed_by":{"born_in_chaos_v1:baby_skeleton_2":1,"vampirism:advanced_vampire":1,"minecraft:player":6,"minecraft:wither_skeleton":1,"born_in_chaos_v1:nightmare_stalker":1,"minecraft:creeper":1,"minecraft:enderman":1,"born_in_chaos_v1:corpse_fly":3,"alexsmobs:murmur_head":1,"cataclysm:deepling":1,"irons_spellbooks:necromancer":2,"born_in_chaos_v1:corpse_fish":2,"vampirism:vampire":1,"born_in_chaos_v1:dread_hound":2},"minecraft:picked_up":{"minecraft:wooden_axe":1,"irons_spellbooks:scroll":1,"minecraft:crafting_table":1,"minecraft:birch_door":3,"born_in_chaos_v1:smoked_monster_flesh":1,"minecraft:chicken":2,"minecraft:chest_minecart":8,"minecraft:wooden_pickaxe":2,"minecraft:potion":4,"minecraft:shield":1,"vampirism:holy_water_bottle_normal":2,"ars_nouveau:amplify_arrow":22,"minecraft:string":60,"minecraft:wooden_sword":4,"deeperdarker:warden_carapace":3,"minecraft:activator_rail":4,"irons_spellbooks:arcane_essence":14,"minecraft:cobbled_deepslate":379,"minecraft:beef":7,"born_in_chaos_v1:gnawed_bones":1,"minecraft:azalea":2,"minecraft:iron_nugget":6,"minecraft:iron_pickaxe":1,"minecraft:light_gray_wool":1,"delightful:green_tea_leaf":12,"minecraft:chest":3,"minecraft:birch_sapling":29,"deep_dark_regrowth:soul_of_the_depths":1,"minecraft:furnace":5,"minecraft:egg":5,"minecraft:tipped_arrow":9,"minecraft:stick":17,"minecraft:torch":54,"deeperdarker:heart_of_the_deep":3,"minecraft:porkchop":15,"farmersdelight:tomato_seeds":2,"minecraft:diorite":2,"born_in_chaos_v1:pieceofdarkmetal":1,"minecraft:redstone":18,"minecraft:stone_sword":1,"farmersdelight:fried_egg":1,"minecraft:arrow":10,"minecraft:rotten_flesh":17,"ars_nouveau:worn_notebook":2,"minecraft:gold_ingot":8,"evilcraft:condensed_blood":13,"minecraft:glow_berries":3,"minecraft:rail":51,"minecraft:mutton":18,"vampirism:heart_seeker_enhanced":3,"minecraft:white_wool":13,"minecraft:cobblestone":92,"minecraft:birch_log":80,"minecraft:magma_block":3,"minecraft:feather":3,"minecraft:cooked_beef":2,"farmersdelight:rice":9,"born_in_chaos_v1:monster_flesh":9,"minecraft:andesite":4,"minecraft:leather":1,"minecraft:birch_planks":34,"doggytalents:rice_grains":4,"minecraft:tuff":52,"evilcraft:flesh_humanoid":5,"deep_dark_regrowth:mossy_fluorite":9,"minecraft:dirt":81,"minecraft:stripped_birch_log":2,"minecraft:name_tag":2,"born_in_chaos_v1:monster_skin":8,"irons_spellbooks:common_ink":1,"minecraft:glass":9,"minecraft:bone":15,"minecraft:apple":2,"ars_nouveau:source_gem":4,"minecraft:wheat_seeds":1,"vampirism:item_garlic":7,"minecraft:iron_ingot":6,"minecraft:cobweb":6,"fishofthieves:earthworms":6,"minecraft:powered_rail":1,"minecraft:moss_block":1,"minecraft:oak_planks":10,"minecraft:sculk_catalyst":1,"endrem:lost_eye":1,"deep_dark_regrowth:sculk_remnants":7,"born_in_chaos_v1:ethereal_spirit":2,"vampirism:ring":1,"minecraft:gravel":49,"minecraft:birch_stairs":48,"minecraft:white_bed":8,"minecraft:spider_eye":6,"minecraft:pumpkin_seeds":16,"biomesoplenty:maple_sapling":2,"minecraft:diamond":4,"waystones:waystone":1,"minecraft:bone_meal":1,"minecraft:golden_apple":1,"minecraft:gray_wool":2,"minecraft:bread":20,"alexsmobs:maggot":2,"minecraft:netherrack":10,"minecraft:coal":13}},"DataVersion":3465}