{"stats":{"minecraft:killed_by":{"cataclysm:deepling":1,"born_in_chaos_v1:baby_skeleton_2":1,"minecraft:player":4,"irons_spellbooks:necromancer":2,"born_in_chaos_v1:nightmare_stalker":1,"born_in_chaos_v1:corpse_fish":2,"born_in_chaos_v1:corpse_fly":1,"born_in_chaos_v1:dread_hound":2},"minecraft:used":{"minecraft:moss_block":3,"minecraft:cooked_mutton":1,"minecraft:stripped_birch_log":1,"minecraft:birch_planks":134,"minecraft:glass_bottle":4,"minecraft:chest":5,"minecraft:wooden_pickaxe":88,"minecraft:rotten_flesh":1,"minecraft:torch":1,"fishofthieves:earthworms":2,"minecraft:dirt":13,"minecraft:mutton":3,"minecraft:crafting_table":1,"minecraft:white_bed":2,"waystones:waystone":1,"minecraft:birch_door":6,"minecraft:glass":57,"minecraft:wooden_axe":52,"alexsmobs:maggot":2,"minecraft:apple":2,"born_in_chaos_v1:monster_flesh":2,"minecraft:chicken":2,"evilcraft:flesh_humanoid":1,"delightful:green_tea_leaf":9,"minecraft:wooden_sword":107,"minecraft:cobblestone":19,"minecraft:potion":7,"minecraft:cooked_porkchop":1,"minecraft:porkchop":2,"minecraft:birch_log":13,"minecraft:egg":1,"minecraft:cooked_beef":1,"minecraft:air":1,"farmersdelight:fried_egg":3},"minecraft:dropped":{"minecraft:iron_ingot":6,"minecraft:glass_bottle":1,"minecraft:birch_sapling":6,"biomesoplenty:maple_sapling":2,"minecraft:rotten_flesh":1,"delightful:green_tea_leaf":3,"minecraft:dirt":42,"born_in_chaos_v1:gnawed_bones":1,"fishofthieves:earthworms":3,"minecraft:sand":18,"minecraft:spider_eye":1,"minecraft:wooden_pickaxe":1,"minecraft:gold_ingot":4},"minecraft:crafted":{"minecraft:glass_bottle":6,"minecraft:wooden_sword":3,"minecraft:cooked_porkchop":6,"minecraft:crafting_table":1,"minecraft:wooden_pickaxe":2,"minecraft:birch_planks":200,"minecraft:stone_axe":1,"minecraft:cooked_mutton":4,"minecraft:air":48,"minecraft:glass":59,"farmersdelight:fried_egg":2,"minecraft:stick":104,"minecraft:stone_pickaxe":1,"minecraft:wooden_axe":3,"minecraft:chest":4,"minecraft:stone_sword":1,"minecraft:white_bed":1,"minecraft:birch_door":3},"minecraft:picked_up":{"minecraft:wooden_axe":1,"minecraft:birch_log":80,"minecraft:birch_door":3,"minecraft:feather":3,"minecraft:cooked_beef":2,"minecraft:chicken":2,"born_in_chaos_v1:monster_flesh":8,"minecraft:wooden_pickaxe":2,"doggytalents:rice_grains":4,"minecraft:birch_planks":32,"minecraft:potion":4,"evilcraft:flesh_humanoid":2,"minecraft:stripped_birch_log":2,"minecraft:dirt":69,"minecraft:string":3,"minecraft:wooden_sword":1,"born_in_chaos_v1:monster_skin":7,"minecraft:glass":9,"minecraft:bone":5,"minecraft:apple":2,"minecraft:wheat_seeds":1,"minecraft:iron_ingot":6,"minecraft:beef":5,"fishofthieves:earthworms":5,"born_in_chaos_v1:gnawed_bones":1,"minecraft:light_gray_wool":1,"delightful:green_tea_leaf":12,"minecraft:chest":1,"minecraft:birch_sapling":28,"minecraft:egg":4,"minecraft:stick":15,"minecraft:torch":1,"minecraft:porkchop":15,"minecraft:white_bed":1,"born_in_chaos_v1:pieceofdarkmetal":1,"minecraft:spider_eye":1,"farmersdelight:fried_egg":1,"biomesoplenty:maple_sapling":2,"minecraft:arrow":1,"minecraft:rotten_flesh":2,"waystones:waystone":1,"minecraft:gray_wool":2,"minecraft:gold_ingot":4,"alexsmobs:maggot":2,"minecraft:mutton":16,"minecraft:white_wool":8,"minecraft:cobblestone":85},"minecraft:mined":{"minecraft:white_bed":2,"minecraft:stripped_birch_log":2,"minecraft:grass_block":37,"minecraft:chest":1,"minecraft:glass":1,"minecraft:wall_torch":1,"minecraft:birch_planks":27,"minecraft:birch_log":71,"minecraft:birch_leaves":10,"minecraft:birch_door":3,"biomesoplenty:maple_leaves":1,"minecraft:grass":4,"minecraft:dirt":19,"realmrpg_skeletons:arrow_skeleton":1,"minecraft:stone":85,"minecraft:oak_leaves":5},"minecraft:custom":{"minecraft:interact_with_furnace":31,"minecraft:mob_kills":25,"minecraft:interact_with_crafting_table":25,"minecraft:damage_dealt_resisted":1041,"minecraft:leave_game":2,"minecraft:time_since_death":13242,"minecraft:sleep_in_bed":1,"minecraft:climb_one_cm":263,"minecraft:time_since_rest":13277,"minecraft:waystone_activated":2,"minecraft:sprint_one_cm":438363,"minecraft:damage_taken":5126,"minecraft:walk_one_cm":595469,"minecraft:drop":89,"minecraft:damage_dealt":4403,"minecraft:swim_one_cm":32964,"minecraft:fly_one_cm":99978,"minecraft:player_kills":5,"minecraft:open_chest":20,"minecraft:crouch_one_cm":9992,"minecraft:play_time":157317,"minecraft:deaths":17,"minecraft:sneak_time":3951,"minecraft:walk_under_water_one_cm":13982,"minecraft:jump":1250,"minecraft:walk_on_water_one_cm":5013,"minecraft:total_world_time":157317,"minecraft:fall_one_cm":40260},"minecraft:broken":{"minecraft:wooden_axe":1,"minecraft:wooden_pickaxe":1},"minecraft:killed":{"vampirism:vampire":1,"minecraft:pig":6,"born_in_chaos_v1:baby_skeleton":1,"minecraft:spider":1,"minecraft:sheep":10,"born_in_chaos_v1:dread_hound":1,"minecraft:chicken":2,"born_in_chaos_v1:corpse_fly":1,"born_in_chaos_v1:door_knight":1,"minecraft:player":5}},"DataVersion":3465}