{"stats":{"minecraft:dropped":{"jujutsucraft:item_insect":1,"jujutsucraft:uniform_normal_leggings":3,"jujutsucraft:uniform_normal_boots":3,"jujutsucraft:uniform_normal_chestplate":1,"minecraft:spruce_sapling":2},"minecraft:killed_by":{"jujutsucraft:cursed_spirit_grade_01":1,"jujutsucraft:cursed_spirit_grade_08":1,"minecraft:player":9,"jujutsucraft:mechamaru":2,"jujutsucraft:cursed_spirit_grade_34":1,"jujutsucraft:kashimo_hajime":1},"minecraft:picked_up":{"minecraft:stick":2,"jujutsucraft:blazing_courage":1,"minecraft:cooked_beef":16,"jujutsucraft:item_insect":1,"jujutsucraft:uniform_normal_boots":2,"jujutsucraft:cursed_technique_changer":1,"minecraft:sand":1,"jujutsucraft:uniform_normal_chestplate":1,"minecraft:spruce_sapling":2,"minecraft:ink_sac":3,"minecraft:dirt":2,"jujutsucraft:uniform_normal_leggings":2,"jujutsucraft:garuda_item_ball":1},"minecraft:custom":{"minecraft:time_since_rest":368,"minecraft:damage_taken":6561,"minecraft:sprint_one_cm":73026,"minecraft:walk_one_cm":101132,"minecraft:mob_kills":85,"minecraft:drop":10,"minecraft:damage_dealt":209,"minecraft:swim_one_cm":8494,"minecraft:fly_one_cm":457870,"minecraft:player_kills":7,"minecraft:crouch_one_cm":684,"minecraft:play_time":33124,"minecraft:deaths":23,"minecraft:sneak_time":89,"minecraft:walk_under_water_one_cm":11315,"minecraft:jump":215,"minecraft:damage_dealt_resisted":1075,"minecraft:leave_game":2,"minecraft:time_since_death":0,"minecraft:walk_on_water_one_cm":24511,"minecraft:total_world_time":33124,"minecraft:damage_resisted":4,"minecraft:fall_one_cm":28132},"minecraft:used":{"jujutsucraft:garuda_item_ball":2,"jujutsucraft:garuda_item":21,"jujutsucraft:uniform_normal_boots":2,"jujutsucraft:blindfold_bandage_helmet":1,"jujutsucraft:uniform_gojo_leggings":1,"minecraft:dirt":2,"minecraft:sand":1,"jujutsucraft:uniform_gojo_boots":1,"jujutsucraft:uniform_normal_leggings":15,"jujutsucraft:uniform_gojo_chestplate":1},"minecraft:killed":{"jujutsucraft:cursed_spirit_grade_39":1,"jujutsucraft:cursed_spirit_grade_33":2,"jujutsucraft:crow":46,"minecraft:salmon":20,"jujutsucraft:cursed_spirit_grade_317":1,"minecraft:cod":10,"minecraft:squid":3}},"DataVersion":3465}