{"stats":{"minecraft:killed":{"vampirism:vampire":1,"minecraft:pig":6,"born_in_chaos_v1:baby_skeleton":1,"minecraft:spider":1,"minecraft:sheep":10,"born_in_chaos_v1:dread_hound":1,"minecraft:chicken":2,"born_in_chaos_v1:corpse_fly":1,"born_in_chaos_v1:door_knight":1,"minecraft:player":4},"minecraft:custom":{"minecraft:interact_with_furnace":29,"minecraft:mob_kills":25,"minecraft:interact_with_crafting_table":17,"minecraft:damage_dealt_resisted":1041,"minecraft:leave_game":1,"minecraft:time_since_death":7023,"minecraft:time_since_rest":7167,"minecraft:waystone_activated":1,"minecraft:sprint_one_cm":366435,"minecraft:damage_taken":4721,"minecraft:walk_one_cm":519070,"minecraft:drop":79,"minecraft:damage_dealt":3948,"minecraft:swim_one_cm":10506,"minecraft:fly_one_cm":81845,"minecraft:player_kills":4,"minecraft:open_chest":7,"minecraft:crouch_one_cm":9673,"minecraft:play_time":133369,"minecraft:deaths":15,"minecraft:sneak_time":3469,"minecraft:walk_under_water_one_cm":10306,"minecraft:jump":998,"minecraft:walk_on_water_one_cm":2824,"minecraft:total_world_time":133369,"minecraft:fall_one_cm":33255},"minecraft:crafted":{"minecraft:glass_bottle":6,"minecraft:wooden_sword":2,"minecraft:cooked_porkchop":6,"minecraft:crafting_table":1,"minecraft:wooden_pickaxe":2,"minecraft:birch_planks":200,"minecraft:cooked_mutton":1,"minecraft:air":48,"minecraft:glass":59,"farmersdelight:fried_egg":2,"minecraft:stick":80,"minecraft:wooden_axe":3,"minecraft:birch_door":3},"minecraft:picked_up":{"minecraft:wooden_axe":1,"minecraft:birch_log":80,"minecraft:birch_door":3,"minecraft:feather":3,"minecraft:cooked_beef":2,"minecraft:chicken":2,"born_in_chaos_v1:monster_flesh":8,"minecraft:wooden_pickaxe":2,"doggytalents:rice_grains":4,"minecraft:birch_planks":32,"minecraft:potion":2,"evilcraft:flesh_humanoid":2,"minecraft:dirt":69,"minecraft:stripped_birch_log":2,"minecraft:string":3,"minecraft:wooden_sword":1,"born_in_chaos_v1:monster_skin":7,"minecraft:glass":9,"minecraft:bone":3,"minecraft:apple":2,"minecraft:wheat_seeds":1,"minecraft:beef":5,"fishofthieves:earthworms":5,"born_in_chaos_v1:gnawed_bones":1,"minecraft:light_gray_wool":1,"delightful:green_tea_leaf":7,"minecraft:chest":1,"minecraft:birch_sapling":26,"minecraft:egg":4,"minecraft:stick":15,"minecraft:torch":1,"minecraft:porkchop":15,"born_in_chaos_v1:pieceofdarkmetal":1,"minecraft:spider_eye":1,"biomesoplenty:maple_sapling":2,"minecraft:arrow":1,"farmersdelight:fried_egg":1,"minecraft:rotten_flesh":2,"minecraft:gray_wool":2,"alexsmobs:maggot":2,"minecraft:mutton":16,"minecraft:white_wool":8,"minecraft:cobblestone":59},"minecraft:broken":{"minecraft:wooden_axe":1,"minecraft:wooden_pickaxe":1},"minecraft:killed_by":{"born_in_chaos_v1:baby_skeleton_2":1,"minecraft:player":4,"irons_spellbooks:necromancer":2,"born_in_chaos_v1:nightmare_stalker":1,"born_in_chaos_v1:corpse_fish":2,"born_in_chaos_v1:corpse_fly":1,"born_in_chaos_v1:dread_hound":2},"minecraft:used":{"minecraft:cooked_mutton":1,"minecraft:glass_bottle":4,"minecraft:birch_planks":134,"minecraft:stripped_birch_log":1,"minecraft:chest":1,"minecraft:wooden_pickaxe":61,"minecraft:rotten_flesh":1,"minecraft:torch":1,"fishofthieves:earthworms":1,"minecraft:dirt":13,"minecraft:mutton":3,"minecraft:crafting_table":1,"minecraft:birch_door":6,"minecraft:glass":57,"minecraft:wooden_axe":52,"alexsmobs:maggot":2,"minecraft:apple":2,"born_in_chaos_v1:monster_flesh":2,"minecraft:chicken":2,"evilcraft:flesh_humanoid":1,"delightful:green_tea_leaf":4,"minecraft:potion":6,"minecraft:wooden_sword":95,"minecraft:cobblestone":19,"minecraft:porkchop":2,"minecraft:cooked_porkchop":1,"minecraft:birch_log":13,"minecraft:egg":1,"minecraft:cooked_beef":1,"minecraft:air":1,"farmersdelight:fried_egg":3},"minecraft:mined":{"minecraft:white_bed":1,"minecraft:stripped_birch_log":2,"minecraft:grass_block":37,"minecraft:chest":1,"minecraft:glass":1,"minecraft:wall_torch":1,"minecraft:birch_planks":27,"minecraft:birch_log":71,"biomesoplenty:maple_leaves":1,"minecraft:birch_leaves":10,"minecraft:birch_door":3,"minecraft:grass":4,"minecraft:dirt":19,"realmrpg_skeletons:arrow_skeleton":1,"minecraft:stone":59,"minecraft:oak_leaves":5},"minecraft:dropped":{"minecraft:glass_bottle":1,"minecraft:birch_sapling":6,"biomesoplenty:maple_sapling":2,"minecraft:rotten_flesh":1,"delightful:green_tea_leaf":3,"minecraft:dirt":42,"born_in_chaos_v1:gnawed_bones":1,"fishofthieves:earthworms":3,"minecraft:spider_eye":1,"minecraft:sand":18,"minecraft:wooden_pickaxe":1}},"DataVersion":3465}