{"stats":{"minecraft:mined":{"minecraft:podzol":2,"minecraft:light_blue_stained_glass_pane":4,"minecraft:spruce_planks":4,"minecraft:gray_stained_glass_pane":2,"minecraft:clay":2,"minecraft:crafting_table":1,"minecraft:torch":1,"minecraft:grass_block":2,"minecraft:gray_stained_glass":2,"minecraft:dead_bush":1,"minecraft:glass":1,"minecraft:spruce_leaves":4,"minecraft:wall_torch":1,"minecraft:light_blue_stained_glass":3,"minecraft:purple_bed":2,"minecraft:coarse_dirt":1,"minecraft:ice":1,"minecraft:spruce_log":23,"minecraft:grass":3,"minecraft:sand":1,"minecraft:dirt":30,"minecraft:oak_leaves":1},"minecraft:killed_by":{"minecraft:player":19,"minecraft:skeleton":2,"minecraft:spider":2,"minecraft:zombie":6,"alexsmobs:grizzly_bear":1,"hordes:zombie_player":13,"alexsmobs:cachalot_whale":1,"hordes:drowned_player":1},"minecraft:killed":{"minecraft:pig":1,"hordes:zombie_player":3,"minecraft:zombie_villager":1,"minecraft:spider":2,"minecraft:sheep":2,"minecraft:skeleton":1,"alexsmobs:blue_jay":1,"minecraft:zombie":2},"minecraft:picked_up":{"minecraft:wooden_axe":3,"minecraft:coarse_dirt":2,"minecraft:crafting_table":2,"minecraft:wheat":16,"minecraft:feather":3,"farmersdelight:rice":3,"minecraft:clay_ball":8,"minecraft:golden_leggings":5,"minecraft:diamond_sword":4,"minecraft:wooden_pickaxe":2,"minecraft:potato":3,"minecraft:flint":5,"minecraft:nether_brick":7,"firstaid:morphine":1,"jeg:weighted_stock":4,"minecraft:gunpowder":21,"immersive_aircraft:gyrodyne":1,"minecraft:string":32,"minecraft:dirt":39,"immersive_aircraft:biplane":1,"jeg:grenade":16,"minecraft:bone":16,"jeg:revolver":4,"minecraft:apple":1,"minecraft:wheat_seeds":18,"minecraft:gold_nugget":4,"minecraft:spruce_planks":73,"minecraft:iron_ingot":1,"minecraft:stone_pickaxe":1,"jeg:double_barrel_shotgun":1,"minecraft:moss_block":4,"minecraft:stone_hoe":1,"farmersdelight:cabbage_seeds":2,"minecraft:egg":1,"jeg:assault_rifle":3,"minecraft:stick":3,"minecraft:pumpkin":4,"minecraft:sweet_berries":29,"jeg:pistol_ammo":153,"minecraft:torch":2,"minecraft:porkchop":2,"farmersdelight:tomato_seeds":2,"minecraft:spruce_sapling":2,"minecraft:grass_block":196,"minecraft:spruce_log":38,"jeg:handmade_shell":14,"jeg:tactical_stock":2,"minecraft:golden_chestplate":3,"minecraft:spider_eye":4,"minecraft:leather_helmet":1,"minecraft:dark_oak_planks":20,"minecraft:pumpkin_seeds":5,"minecraft:arrow":4,"minecraft:stone_sword":1,"minecraft:purple_bed":3,"minecraft:rotten_flesh":44,"minecraft:slime_ball":4,"minecraft:stone_axe":1,"minecraft:pumpkin_pie":1,"jeg:rifle_ammo":162,"farmersdelight:rope":16,"minecraft:gray_wool":2,"minecraft:bread":5,"mutantmonsters:mutant_skeleton_spawn_egg":1,"minecraft:netherrack":1,"minecraft:black_wool":1,"minecraft:mutton":15,"minecraft:coal":20,"minecraft:bone_block":4,"minecraft:white_wool":8,"minecraft:cobblestone":9,"minecraft:ender_pearl":1},"minecraft:crafted":{"minecraft:crafting_table":1,"minecraft:spruce_planks":40,"minecraft:cooked_mutton":6,"minecraft:stick":16,"minecraft:wooden_axe":2},"minecraft:dropped":{"minecraft:wheat_seeds":3,"minecraft:golden_chestplate":1,"mutantsbuff:flame_orb":1,"mutantmonsters:mutant_skeleton_spawn_egg":1,"jeg:tactical_stock":1,"minecraft:dirt":4,"jeg:revolver":2,"minecraft:spruce_planks":1,"minecraft:mutton":11,"minecraft:wooden_axe":2,"minecraft:purple_bed":1,"minecraft:golden_leggings":1,"minecraft:arrow":2,"jeg:pistol_ammo":12,"minecraft:bone":3},"minecraft:used":{"k_turrets:cobble_turret_item":1,"minecraft:stone_sword":8,"minecraft:spruce_planks":14,"mutantmonsters:mutant_skeleton_spawn_egg":4,"jeg:assault_rifle":71,"minecraft:dirt":14,"minecraft:crafting_table":2,"jeg:typhoonee":2,"k_turrets:bullet_drone_item":1,"jeg:grenade":1,"minecraft:golden_chestplate":2,"minecraft:spruce_log":11,"mutantmonsters:spider_pig_spawn_egg":4,"mutantmonsters:mutant_creeper_spawn_egg":1,"minecraft:wooden_axe":12,"minecraft:grass_block":37,"mutantmonsters:mutant_enderman_spawn_egg":1,"mutantmonsters:creeper_minion_spawn_egg":10,"k_turrets:brick_turret_item":1,"mutantmonsters:mutant_snow_golem_spawn_egg":2,"minecraft:golden_leggings":3,"mutantmonsters:mutant_zombie_spawn_egg":9,"jeg:double_barrel_shotgun":2,"minecraft:diamond_sword":40,"minecraft:purple_bed":2,"jeg:revolver":61,"immersive_aircraft:gyrodyne":1,"immersive_aircraft:biplane":12,"minecraft:coarse_dirt":2},"minecraft:custom":{"minecraft:interact_with_furnace":3,"minecraft:mob_kills":16,"minecraft:interact_with_crafting_table":2,"minecraft:damage_dealt_resisted":145,"minecraft:leave_game":1,"minecraft:time_since_death":176,"minecraft:sleep_in_bed":6,"minecraft:climb_one_cm":2618,"minecraft:time_since_rest":209,"minecraft:sprint_one_cm":239924,"minecraft:damage_taken":10583,"minecraft:walk_one_cm":404079,"minecraft:drop":26,"minecraft:damage_dealt":2443,"minecraft:talked_to_villager":2,"minecraft:swim_one_cm":6314,"minecraft:fly_one_cm":65133,"minecraft:player_kills":14,"minecraft:open_chest":6,"minecraft:crouch_one_cm":3611,"minecraft:play_time":117793,"minecraft:deaths":52,"minecraft:sneak_time":2407,"minecraft:walk_under_water_one_cm":11328,"minecraft:jump":1047,"minecraft:walk_on_water_one_cm":2852,"minecraft:total_world_time":117793,"minecraft:fall_one_cm":57781}},"DataVersion":3465}