{"stats":{"minecraft:picked_up":{"minecraft:dirt":13},"minecraft:mined":{"minecraft:podzol":2,"minecraft:dirt":11},"minecraft:killed_by":{"minecraft:player":1,"minecraft:skeleton":1,"hordes:zombie_player":1,"minecraft:spider":1},"minecraft:custom":{"minecraft:jump":37,"minecraft:time_since_rest":5445,"minecraft:walk_on_water_one_cm":1803,"minecraft:damage_dealt":145,"minecraft:damage_taken":991,"minecraft:leave_game":1,"minecraft:play_time":15972,"minecraft:sprint_one_cm":27565,"minecraft:time_since_death":5075,"minecraft:walk_one_cm":21888,"minecraft:deaths":4,"minecraft:total_world_time":15972,"minecraft:walk_under_water_one_cm":924,"minecraft:swim_one_cm":2920,"minecraft:fall_one_cm":5160,"minecraft:fly_one_cm":2292,"minecraft:player_kills":1}},"DataVersion":3465}