{"stats":{"minecraft:dropped":{"minecraft:kelp":4},"minecraft:picked_up":{"minecraft:crafting_table":2,"minecraft:anvil":1,"minecraft:big_dripleaf":5,"minecraft:oak_fence":2,"minecraft:oak_pressure_plate":2,"minecraft:gravel":4,"minecraft:ink_sac":1,"minecraft:spruce_log":8,"minecraft:cobblestone_wall":4,"minecraft:dirt":18,"minecraft:kelp":4,"minecraft:azalea":1,"alexsmobs:maggot":2,"minecraft:moss_block":26,"minecraft:glow_berries":7,"minecraft:oak_planks":9,"minecraft:coal":1,"minecraft:cobblestone":1,"minecraft:furnace":1},"minecraft:crafted":{"minecraft:crafting_table":1,"minecraft:stick":4,"minecraft:spruce_planks":32,"minecraft:wooden_pickaxe":1,"minecraft:wooden_axe":1},"minecraft:used":{"minecraft:wooden_axe":67,"minecraft:oak_planks":2,"minecraft:shield":16,"minecraft:wooden_pickaxe":9,"minecraft:wooden_sword":6,"minecraft:dirt":8,"minecraft:crafting_table":1,"alexsmobs:animal_dictionary":1},"minecraft:mined":{"minecraft:furnace":1,"minecraft:blue_stained_glass_pane":2,"minecraft:cobblestone_wall":4,"minecraft:spruce_log":8,"minecraft:big_dripleaf_stem":1,"minecraft:oak_fence":2,"minecraft:anvil":1,"minecraft:crafting_table":2,"minecraft:cave_vines_plant":1,"minecraft:grass_block":16,"minecraft:coal_ore":2,"minecraft:cave_vines":19,"minecraft:gravel":4,"minecraft:dirt":3,"minecraft:tall_grass":1,"minecraft:cobblestone":1,"minecraft:azalea":1,"minecraft:spruce_leaves":3,"minecraft:moss_block":29,"minecraft:oak_planks":9,"minecraft:big_dripleaf":2},"minecraft:killed":{"alexsmobs:fly":1},"minecraft:killed_by":{"jeg:ghoul":1},"minecraft:custom":{"minecraft:time_since_rest":17056,"minecraft:interact_with_furnace":3,"minecraft:sprint_one_cm":24438,"minecraft:damage_taken":332,"minecraft:walk_one_cm":40784,"minecraft:damage_blocked_by_shield":476,"minecraft:interact_with_anvil":1,"minecraft:mob_kills":2,"minecraft:drop":4,"minecraft:damage_dealt":349,"minecraft:swim_one_cm":1463,"minecraft:interact_with_crafting_table":2,"minecraft:player_kills":1,"minecraft:fly_one_cm":5649,"minecraft:crouch_one_cm":647,"minecraft:play_time":20609,"minecraft:deaths":1,"minecraft:sneak_time":671,"minecraft:walk_under_water_one_cm":1473,"minecraft:jump":152,"minecraft:time_since_death":17027,"minecraft:leave_game":2,"minecraft:walk_on_water_one_cm":8554,"minecraft:climb_one_cm":4243,"minecraft:total_world_time":20609,"minecraft:fall_one_cm":4217}},"DataVersion":3465}