{"stats":{"minecraft:mined":{"minecraft:blue_stained_glass_pane":2,"minecraft:jungle_leaves":1,"minecraft:gray_stained_glass_pane":2,"minecraft:cave_vines_plant":1,"minecraft:grass_block":50,"minecraft:white_stained_glass":2,"minecraft:spruce_leaves":4,"minecraft:moss_block":29,"minecraft:large_fern":1,"minecraft:tall_seagrass":2,"minecraft:furnace":1,"minecraft:anvil":1,"minecraft:big_dripleaf_stem":1,"minecraft:cave_vines":19,"minecraft:azalea":1,"minecraft:glass_pane":2,"minecraft:blue_stained_glass":5,"minecraft:oak_fence":2,"minecraft:crafting_table":2,"minecraft:tall_grass":1,"minecraft:cobblestone":1,"minecraft:oak_planks":9,"minecraft:big_dripleaf":2,"minecraft:seagrass":1,"minecraft:purple_bed":1,"minecraft:coarse_dirt":1,"minecraft:cobblestone_wall":4,"minecraft:spruce_log":40,"minecraft:coal_ore":2,"minecraft:gravel":5,"minecraft:dirt":16,"minecraft:oak_leaves":1,"minecraft:fern":2},"minecraft:killed_by":{"minecraft:player":11,"hordes:zombie_player":9,"minecraft:skeleton":3,"jeg:ghoul":1,"minecraft:zombie":5},"minecraft:killed":{"hordes:zombie_player":8,"minecraft:spider":2,"alexsmobs:tusklin":1,"minecraft:creeper":1,"alexsmobs:crocodile":2,"minecraft:zombie":11,"alexsmobs:fly":1,"mutantmonsters:mutant_zombie":1},"minecraft:broken":{"minecraft:wooden_axe":1},"minecraft:picked_up":{"minecraft:wooden_axe":2,"minecraft:crafting_table":2,"minecraft:coarse_dirt":1,"minecraft:anvil":2,"minecraft:wooden_pickaxe":1,"max_armory:diamond_machete":1,"jeg:weighted_stock":2,"minecraft:string":26,"minecraft:iron_leggings":1,"jeg:revolver":1,"minecraft:azalea":2,"minecraft:iron_nugget":1,"farmersdelight:cabbage_seeds":2,"minecraft:furnace":2,"minecraft:egg":2,"minecraft:big_dripleaf":10,"jeg:pistol_ammo":102,"minecraft:oak_fence":2,"farmersdelight:tomato_seeds":4,"jeg:bolt_action_rifle":1,"jeg:tactical_stock":2,"minecraft:golden_chestplate":2,"alexsmobs:crocodile_scute":2,"minecraft:stone_sword":1,"minecraft:arrow":2,"minecraft:rotten_flesh":16,"jeg:typhoonee":1,"jeg:waterpipe_shotgun":1,"jeg:rifle_ammo":44,"minecraft:glow_berries":7,"minecraft:mutton":11,"minecraft:cobblestone":2,"farmersdelight:rice":2,"minecraft:leather":1,"minecraft:potato":5,"jeg:scrap":4,"minecraft:cobblestone_wall":4,"minecraft:gunpowder":1,"minecraft:dirt":67,"minecraft:bone":6,"minecraft:apple":1,"minecraft:kelp":4,"minecraft:wheat_seeds":1,"jeg:double_barrel_shotgun":1,"minecraft:moss_block":26,"minecraft:oak_planks":9,"minecraft:oak_pressure_plate":4,"minecraft:gravel":9,"minecraft:spruce_sapling":1,"minecraft:ink_sac":9,"minecraft:spruce_log":38,"minecraft:spider_eye":5,"minecraft:spruce_door":1,"jeg:handmade_shell":4,"minecraft:purple_bed":1,"minecraft:slime_ball":1,"minecraft:golden_apple":1,"alexsmobs:maggot":2,"minecraft:golden_horse_armor":1,"minecraft:bread":1,"alexsmobs:banana_slug_slime":1,"minecraft:coal":1},"minecraft:crafted":{"minecraft:cooked_mutton":2,"minecraft:wooden_shovel":1,"minecraft:crafting_table":1,"minecraft:spruce_planks":152,"minecraft:wooden_pickaxe":2,"minecraft:air":0,"minecraft:stick":12,"minecraft:wooden_axe":2},"minecraft:used":{"alexsmobs:spawn_egg_triops":1,"alexsmobs:spawn_egg_seal":2,"minecraft:spruce_planks":5,"minecraft:shield":16,"minecraft:iron_sword":15,"jeg:holy_shotgun":12,"minecraft:wooden_shovel":34,"jeg:pump_shotgun":1,"jeg:atlantean_spear":3,"minecraft:torch":1,"alexsmobs:spawn_egg_warped_mosco":2,"minecraft:dirt":36,"minecraft:mutton":1,"alexsmobs:spawn_egg_skelewag":2,"minecraft:golden_chestplate":1,"jeg:grenade":1,"minecraft:wooden_axe":95,"alexsmobs:spawn_egg_gorilla":2,"minecraft:iron_axe":78,"minecraft:grass_block":37,"alexsmobs:spawn_egg_tusklin":1,"jeg:double_barrel_shotgun":29,"jeg:revolver":46,"alexsmobs:spawn_egg_giant_squid":1,"alexsmobs:spawn_egg_moose":9,"jeg:semi_auto_rifle":9,"create:wand_of_symmetry":4,"minecraft:cooked_mutton":2,"alexsmobs:spawn_egg_raccoon":17,"minecraft:spruce_door":1,"jeg:combat_rifle":11,"minecraft:oak_planks":2,"minecraft:wooden_pickaxe":21,"alexsmobs:spawn_egg_skreecher":2,"minecraft:golden_apple":1,"minecraft:glow_berries":1,"minecraft:crafting_table":1,"alexsmobs:spawn_egg_crocodile":4,"jeg:bolt_action_rifle":3,"max_armory:diamond_machete":20,"alexsmobs:spawn_egg_lobster":3,"minecraft:bread":1,"minecraft:diamond_sword":48,"minecraft:wooden_sword":6,"alexsmobs:spawn_egg_tarantula_hawk":3,"alexsmobs:spawn_egg_bison":1,"jeg:waterpipe_shotgun":1,"alexsmobs:spawn_egg_gazelle":2,"alexsmobs:animal_dictionary":1},"minecraft:dropped":{"farmersdelight:tomato_seeds":2,"minecraft:wheat_seeds":1,"jeg:pocket_bubble":1,"jeg:grenade":16,"jeg:bolt_action_rifle":1,"jeg:scrap":2,"jeg:tactical_stock":2,"minecraft:dirt":16,"minecraft:wooden_axe":2,"minecraft:string":3,"jeg:spectre_ammo":64,"minecraft:kelp":4,"minecraft:coarse_dirt":1,"minecraft:stone_sword":2,"jeg:double_barrel_shotgun":2,"jeg:rifle_ammo":278,"jeg:revolver":1,"minecraft:spruce_planks":45,"minecraft:wooden_shovel":1,"jeg:assault_rifle":6,"jeg:blossom_rifle":1,"minecraft:wooden_pickaxe":1,"jeg:weighted_stock":2,"jeg:pistol_ammo":239,"jeg:handmade_shell":18,"jeg:typhoonee":2},"minecraft:custom":{"minecraft:interact_with_anvil":1,"minecraft:mob_kills":30,"minecraft:interact_with_crafting_table":4,"minecraft:bell_ring":10,"minecraft:damage_dealt_resisted":236,"minecraft:leave_game":3,"minecraft:time_since_death":0,"minecraft:climb_one_cm":10685,"minecraft:sprint_one_cm":192427,"minecraft:walk_one_cm":423330,"minecraft:damage_blocked_by_shield":476,"minecraft:drop":81,"minecraft:play_time":120813,"minecraft:deaths":33,"minecraft:sneak_time":2049,"minecraft:walk_under_water_one_cm":4745,"minecraft:jump":1214,"minecraft:walk_on_water_one_cm":13487,"minecraft:total_world_time":120813,"minecraft:interact_with_furnace":11,"minecraft:sleep_in_bed":4,"minecraft:time_since_rest":46,"minecraft:damage_taken":6307,"minecraft:damage_dealt":5679,"minecraft:player_kills":10,"minecraft:swim_one_cm":1463,"minecraft:fly_one_cm":219918,"minecraft:open_chest":12,"minecraft:crouch_one_cm":3475,"minecraft:fall_one_cm":34680}},"DataVersion":3465}