{"stats":{"minecraft:killed_by":{"jujutsucraft:cursed_spirit_grade_08":1,"minecraft:player":9,"jujutsucraft:cursed_spirit_grade_16":1,"jujutsucraft:cursed_spirit_grade_317":1,"jujutsucraft:mimiko":1},"minecraft:dropped":{"jujutsucraft:blazing_courage":1,"jujutsucraft:garuda_item_ball":1,"jujutsucraft:uniform_normal_boots":1},"minecraft:picked_up":{"minecraft:stick":3,"minecraft:sandstone":1,"minecraft:cooked_beef":32,"jujutsucraft:uniform_geto_leggings":1,"jujutsucraft:uniform_normal_boots":1,"jujutsucraft:cursed_technique_changer":1,"minecraft:sand":2,"jujutsucraft:uniform_normal_chestplate":3,"minecraft:spruce_sapling":4,"minecraft:ink_sac":3,"jujutsucraft:clothes_geto_leggings":2,"jujutsucraft:clothes_geto_helmet":2,"jujutsucraft:clothes_geto_chestplate":1,"jujutsucraft:uniform_normal_leggings":1,"minecraft:snow":2,"jujutsucraft:sukuna_fushiguro_spawn_egg":64,"minecraft:rabbit_hide":1,"jujutsucraft:uraume_spawn_egg":64,"minecraft:rabbit":1},"minecraft:custom":{"minecraft:time_since_rest":88,"minecraft:sprint_one_cm":73493,"minecraft:damage_taken":4982,"minecraft:walk_one_cm":133960,"minecraft:mob_kills":2,"minecraft:drop":3,"minecraft:damage_dealt":11,"minecraft:fly_one_cm":467061,"minecraft:player_kills":1,"minecraft:crouch_one_cm":22,"minecraft:play_time":36628,"minecraft:deaths":16,"minecraft:sneak_time":118,"minecraft:walk_under_water_one_cm":5336,"minecraft:jump":538,"minecraft:damage_dealt_resisted":127,"minecraft:leave_game":2,"minecraft:walk_on_water_one_cm":5760,"minecraft:time_since_death":0,"minecraft:total_world_time":36628,"minecraft:fall_one_cm":20090},"minecraft:used":{"jujutsucraft:tiger_funeral_spawn_egg":3,"jujutsucraft:clothes_geto_helmet":2,"jujutsucraft:clothes_geto_boots":1,"jujutsucraft:cursed_spirit_grade_01_spawn_egg":9,"jujutsucraft:round_deer_spawn_egg":1,"jujutsucraft:ishigori_ryu_spawn_egg":1,"jujutsucraft:kechizu_spawn_egg":2,"jujutsucraft:uniform_normal_boots":1,"jujutsucraft:q_spawn_egg":1,"jujutsucraft:choso_spawn_egg":1,"jujutsucraft:cursed_spirit_grade_317_spawn_egg":1,"jujutsucraft:zenin_naobito_spawn_egg":1,"jujutsucraft:transfigured_human_2_spawn_egg":1,"jujutsucraft:mei_mei_spawn_egg":1,"jujutsucraft:gojo_satoru_school_days_spawn_egg":33,"minecraft:sand":1,"jujutsucraft:polymorphic_soul_isomer_spawn_egg":1,"jujutsucraft:sukuna_perfect_spawn_egg":3,"jujutsucraft:kurusu_hana_spawn_egg":1,"jujutsucraft:todo_aoi_spawn_egg":5,"jujutsucraft:yorozu_spawn_egg":1,"jujutsucraft:clothes_geto_leggings":3,"jujutsucraft:cursed_spirit_grade_34_spawn_egg":1,"jujutsucraft:clothes_geto_chestplate":1,"minecraft:cooked_beef":1,"jujutsucraft:transfigured_human_3_spawn_egg":1,"jujutsucraft:transfigured_human_1_spawn_egg":7,"jujutsucraft:zenin_naoya_spawn_egg":2,"jujutsucraft:takaba_fumihiko_spawn_egg":1},"minecraft:killed":{"jujutsucraft:cursed_spirit_grade_39":1},"minecraft:mined":{"minecraft:sand":1}},"DataVersion":3465}