{
  "create:root": {
    "criteria": {
      "0": "2024-05-17 06:17:12 +0000"
    },
    "done": true
  },
  "minecraft:recipes/decorations/crafting_table": {
    "criteria": {
      "unlock_right_away": "2024-05-17 06:17:13 +0000"
    },
    "done": true
  },
  "betterdungeons:root": {
    "criteria": {
      "always": "2024-05-17 06:17:13 +0000"
    },
    "done": true
  },
  "farmersdelight:main/root": {
    "criteria": {
      "seeds": "2024-05-17 06:17:12 +0000"
    },
    "done": true
  },
  "minecraft:adventure/adventuring_time": {
    "criteria": {
      "minecraft:windswept_hills": "2024-05-17 06:17:15 +0000",
      "minecraft:snowy_taiga": "2024-05-17 06:19:44 +0000"
    },
    "done": false
  },
  "DataVersion": 3465
}